"id","cluster_C1","cluster_C2_original","cluster_C2","changed_cluster","silhouette_C1","silhouette_C2"
1,1,1,1,FALSE,0.705592410742706,0.691339000253628
2,2,2,2,FALSE,0.710694010474654,0.660363575611874
3,2,2,2,FALSE,0.663946722328919,0.627451687273175
4,2,2,2,FALSE,0.747363562829909,0.689153723488818
5,2,2,2,FALSE,0.773928098412832,0.728920597984009
6,2,2,2,FALSE,0.633597585358593,0.601913637108157
7,3,3,3,FALSE,0.550058781174292,0.376466031222477
8,2,2,2,FALSE,0.758485689558786,0.705199528930341
9,2,2,2,FALSE,0.762114402957865,0.696180346763164
10,2,2,2,FALSE,0.630036220366368,0.559281476133601
11,2,2,2,FALSE,0.762712799616947,0.706606909609886
12,3,3,3,FALSE,0.520650901906557,0.374711103479299
13,2,2,2,FALSE,0.774158871708856,0.712418961457542
14,2,2,2,FALSE,0.754751901114871,0.674933698524355
15,2,2,2,FALSE,0.741066010578839,0.701976565276398
16,2,2,2,FALSE,0.716270934080138,0.669003880337011
17,3,3,3,FALSE,0.430162163214605,0.284751151018171
18,2,2,2,FALSE,0.763688745681127,0.721699231521251
19,2,2,2,FALSE,0.683019106053758,0.640614571113957
20,3,3,3,FALSE,0.523978804574001,0.379419077849832
21,3,3,3,FALSE,0.483404236515347,0.278832706411864
22,3,3,3,FALSE,0.578249919367775,0.367070361611177
23,2,2,2,FALSE,0.753157719986608,0.699247753812127
24,3,3,3,FALSE,0.55712579902176,0.403835624909688
25,2,2,2,FALSE,0.673295405747422,0.565810222483484
26,3,4,4,TRUE,0.163436000698397,0.0204711490414941
27,2,2,2,FALSE,0.755782811275322,0.670440863522168
28,4,4,4,FALSE,0.697051422279387,0.545728283157277
29,3,3,3,FALSE,0.509874759311686,0.390001059024869
30,2,2,2,FALSE,0.777271228054437,0.728536537715429
31,2,2,2,FALSE,0.762693244950886,0.638640099493624
32,2,2,2,FALSE,0.671973017570392,0.634066367322271
33,2,2,2,FALSE,0.649640485043323,0.607133606514886
34,5,5,5,FALSE,0.653373744888051,0.569771787762129
35,5,5,5,FALSE,0.787883944276363,0.670183838809529
36,5,5,5,FALSE,0.772357585013404,0.657906767069385
37,2,2,2,FALSE,0.556237517330551,0.522397108970548
38,2,2,2,FALSE,0.666593119858568,0.628218897322813
39,5,5,5,FALSE,0.778585871107827,0.66232336014236
40,2,2,2,FALSE,0.658344034819192,0.597106217134736
41,5,5,5,FALSE,0.782719908039492,0.714591981759089
42,6,6,6,FALSE,-0.00557316927966945,-0.101430625899485
43,2,2,2,FALSE,0.615808368203514,0.537462376758177
44,2,2,2,FALSE,0.777309268781237,0.731771540960434
45,2,2,2,FALSE,0.772220410231195,0.646654964611449
46,5,5,5,FALSE,0.791934755993803,0.719789455603601
47,2,4,4,TRUE,-0.108796233153263,-0.0633745241987319
48,5,5,5,FALSE,0.705074610358671,0.603556487381437
49,6,6,6,FALSE,0.394948395992743,0.182282736886974
50,2,2,2,FALSE,0.74042623965972,0.668413073543306
51,2,2,2,FALSE,0.775232177589938,0.721838115360239
52,2,2,2,FALSE,0.776985186553664,0.648800480866489
53,5,5,5,FALSE,0.773247410434084,0.712212411146651
54,2,2,2,FALSE,0.775710062382712,0.720162216851488
55,5,5,5,FALSE,0.748828531882643,0.686455499744508
56,2,2,2,FALSE,0.774046710477158,0.716719238219128
57,5,5,5,FALSE,0.704592929466653,0.638896875812841
58,7,7,7,FALSE,0.0591842557967498,0.0326011541889661
59,2,2,2,FALSE,0.756146229034127,0.703933757023762
60,2,2,2,FALSE,0.756914412289233,0.631802787913914
61,5,5,5,FALSE,0.686674638543196,0.642173118133677
62,5,5,5,FALSE,0.752964844701732,0.637308746394169
63,5,5,5,FALSE,0.665411748884879,0.603242845513655
64,5,5,5,FALSE,0.768069296996071,0.71151616793385
65,2,2,2,FALSE,0.776172559642216,0.647574841764345
66,5,5,5,FALSE,0.776537853501786,0.70907193177836
67,5,5,5,FALSE,0.783477871856065,0.706761743931093
68,5,5,5,FALSE,0.691266537685728,0.644046069438056
69,2,2,2,FALSE,0.768361477663708,0.642487152330796
70,2,2,2,FALSE,0.771589467207874,0.707603292776447
71,5,5,5,FALSE,0.774478113688481,0.684402043490441
72,2,2,2,FALSE,0.772904722480712,0.709245103734813
73,5,5,5,FALSE,0.746994177395443,0.68128863311291
74,2,2,2,FALSE,0.774921512534446,0.645745595687612
75,2,2,2,FALSE,0.736895381235612,0.658525508831978
76,5,5,5,FALSE,0.776163554879518,0.714528512064328
77,2,2,2,FALSE,0.693849462891064,0.584798755432946
78,2,2,2,FALSE,0.746515559276632,0.705247129222556
79,3,3,3,FALSE,0.570639618615593,0.31638043094798
80,5,5,5,FALSE,0.772245495087112,0.698824906578648
81,2,2,2,FALSE,0.663624806862075,0.630301447412613
82,2,2,2,FALSE,0.662366320400979,0.559359350388485
83,2,2,2,FALSE,0.770144805635937,0.709653381291442
84,6,6,6,FALSE,0.365365976253299,0.176757290478393
85,5,5,5,FALSE,0.753677038281837,0.64257668085295
86,2,2,2,FALSE,0.657755796684324,0.55577537308783
87,2,2,2,FALSE,0.767189212622464,0.641087977296517
88,5,5,5,FALSE,0.711445039645856,0.648549520119101
89,8,8,8,FALSE,0.649067088697412,0.558680076978604
90,3,3,3,FALSE,0.569970875937916,0.4593779871765
91,3,3,3,FALSE,0.576591679433084,0.481846555325931
92,2,2,2,FALSE,0.760600816770912,0.634880492340558
93,5,5,5,FALSE,0.708856353805413,0.652407371254326
94,3,4,4,TRUE,0.161105941987804,0.0200752230108671
95,3,4,4,TRUE,0.138530581905122,0.020176451924857
96,3,3,3,FALSE,0.572258544016878,0.452550286790365
97,3,3,3,FALSE,0.53809681260784,0.269633962787602
98,2,2,2,FALSE,0.759856357403551,0.70680213714716
99,2,2,2,FALSE,0.680177617220522,0.636698011927487
100,3,3,3,FALSE,0.448165513636432,0.227604053216979
101,3,3,3,FALSE,0.572817342430077,0.389870843021989
102,8,8,8,FALSE,0.516058500674695,0.470586286681821
103,2,2,2,FALSE,0.74694171340349,0.707349285287331
104,7,7,7,FALSE,0.133026155596731,0.0894751783019815
105,5,5,5,FALSE,0.772584821070788,0.716105086392509
106,2,2,2,FALSE,0.6946437404745,0.583513512439105
107,2,2,2,FALSE,0.709347647063025,0.673454568436664
108,3,3,3,FALSE,0.551072900415581,0.401615554862728
109,2,2,2,FALSE,0.750176639492452,0.709115728039016
110,2,2,2,FALSE,0.769727301806729,0.727219813466328
111,3,3,3,FALSE,0.467640453225041,0.347959182958591
112,3,3,3,FALSE,0.518025016636968,0.369220828315069
113,2,2,2,FALSE,0.754809358955642,0.702904525978967
114,2,2,2,FALSE,0.773065089499922,0.712129644443149
115,2,2,2,FALSE,0.701317524183245,0.648807527834902
116,3,3,3,FALSE,0.43886017468263,0.225332036141425
117,3,3,3,FALSE,0.566282908020207,0.376396494384004
118,9,9,9,FALSE,-0.0127181923246195,0.224895694874566
119,2,2,2,FALSE,0.650046654175579,0.602454108750002
120,2,2,2,FALSE,0.754228586818338,0.700230412145494
121,3,3,3,FALSE,0.43702932058924,0.288421169088621
122,5,5,5,FALSE,0.691929766011874,0.625268951949969
123,7,7,7,FALSE,0.73734524624801,0.67141373177114
124,7,7,7,FALSE,0.697608490280419,0.647491212105664
125,7,7,7,FALSE,0.731713438176281,0.658038064217029
126,7,7,7,FALSE,0.676288004799702,0.609651088728881
127,7,7,7,FALSE,0.685481139468638,0.642609240427824
128,7,7,7,FALSE,0.685884703705672,0.643415081974065
129,7,7,7,FALSE,0.718236412557489,0.666106009777975
130,7,7,7,FALSE,0.711702129698798,0.660276938290656
131,7,7,7,FALSE,0.691940775956029,0.622554233110206
132,7,7,7,FALSE,0.714601591109343,0.665553328305648
133,7,7,7,FALSE,0.645601736952136,0.587605874123926
134,7,7,7,FALSE,0.65629585080607,0.616697994426847
135,7,7,7,FALSE,0.59853218123,0.541412605814135
136,10,10,10,FALSE,0.20612343968727,0.217572911313852
137,7,7,7,FALSE,0.57627833904097,0.517178268775207
138,7,7,7,FALSE,0.623040875521725,0.575548799949771
139,7,7,7,FALSE,0.591342829785927,0.555564531453336
140,10,10,10,FALSE,0.255860156432145,0.262543098957466
141,10,10,10,FALSE,0.211412191653139,0.22361937214094
142,2,4,4,TRUE,-0.0398200877706672,-0.0489146187295077
143,7,7,7,FALSE,0.628411782877845,0.579778297416316
144,10,10,10,FALSE,0.308987362345946,0.31210538521552
145,10,10,10,FALSE,0.414700278349518,0.390593826773896
146,11,11,11,FALSE,0.501289761006963,0.473824213860985
147,11,4,4,TRUE,0.0388705112179647,-0.0504150710760684
148,10,10,10,FALSE,0.309238999177986,0.309712018018055
149,10,10,10,FALSE,0.316139581899089,0.330016852388711
150,10,10,10,FALSE,0.317186370749694,0.317965801700823
151,11,11,11,FALSE,0.609788326780794,0.607210501485346
152,7,7,7,FALSE,0.603885655001182,0.558620206797143
153,2,2,2,FALSE,0.735705106534684,0.686789272472092
154,11,11,11,FALSE,0.558190837082419,0.572088503520102
155,9,9,9,FALSE,0.106646355914675,0.0857116983761628
156,4,4,4,FALSE,-0.0969690593236569,-0.0712705464590141
157,2,2,2,FALSE,0.761305250070852,0.706998399286605
158,2,2,2,FALSE,0.693109040436007,0.646314836461475
159,2,2,2,FALSE,0.77229774067351,0.713152873689853
160,11,11,11,FALSE,0.512647461591426,0.527161065228682
161,11,11,11,FALSE,0.604541652418193,0.583234373550924
162,7,7,7,FALSE,0.545804883570015,0.5027488948369
163,11,11,11,FALSE,0.54550767413461,0.551311153497659
164,11,11,11,FALSE,0.6096267186871,0.609582316478248
165,11,11,11,FALSE,0.608923638896957,0.598103928450999
166,1,1,1,FALSE,0.709413272017473,0.7021964739491
167,4,4,4,FALSE,0.687393957061337,0.573558631240549
168,2,2,2,FALSE,0.66420997644137,0.608947983949704
169,11,11,11,FALSE,0.609761275676678,0.605934031319907
170,11,11,11,FALSE,0.250775496664877,0.256339587289502
171,4,4,4,FALSE,0.71639150780002,0.601580859067741
172,5,5,5,FALSE,0.664086060573142,0.603796685164333
173,11,11,11,FALSE,0.608280675622592,0.602292598086168
174,6,6,6,FALSE,0.19254332663772,-0.0224028123134653
175,2,2,2,FALSE,0.772253156273359,0.702857260278171
176,11,11,11,FALSE,0.535647185389541,0.551342316302099
177,2,4,4,TRUE,-0.0260990552965837,-0.034062202398837
178,5,5,5,FALSE,0.630903828878359,0.583031003646001
179,11,11,11,FALSE,0.39252427253346,0.392489101775129
180,7,4,4,TRUE,0.137530313481506,-0.078783761605162
181,8,8,8,FALSE,0.757388671812783,0.685556407476667
182,8,8,8,FALSE,0.640771123623733,0.6078627081747
183,2,2,2,FALSE,0.764961069346051,0.71046731860355
184,2,2,2,FALSE,0.7680006944031,0.719840322664046
185,2,2,2,FALSE,0.680700168468978,0.625481440108759
186,2,2,2,FALSE,0.726134404600332,0.686197912664739
187,8,8,8,FALSE,0.55691923116534,0.537891901598349
188,8,8,8,FALSE,0.760492542046971,0.709570170865429
189,2,2,2,FALSE,0.642084718845091,0.594504135762353
190,8,8,8,FALSE,0.762985403439852,0.71389000794318
191,2,2,2,FALSE,0.685462942173997,0.635408308871104
192,9,9,9,FALSE,0.27793315358091,0.351786906863524
193,5,5,5,FALSE,0.719498884624671,0.643861842666982
194,2,2,2,FALSE,0.661032423840252,0.608160575128232
195,2,2,2,FALSE,0.666548541454835,0.612956174875651
196,5,5,5,FALSE,0.548892543887043,0.511370759141985
197,8,8,8,FALSE,0.592172323083962,0.564824102380947
198,2,2,2,FALSE,0.686709244172607,0.639201755783456
199,2,2,2,FALSE,0.471798911503686,0.442073307481676
200,10,10,10,FALSE,0.32566695382668,0.332035623508299
201,10,10,10,FALSE,0.42703792954272,0.414232421532735
202,5,5,5,FALSE,0.544774151023194,0.504440110194464
203,2,2,2,FALSE,0.772936565173981,0.720626645336776
204,10,10,10,FALSE,0.4653493088483,0.453761500647953
205,10,10,10,FALSE,0.326709649192085,0.339209873321577
206,2,2,2,FALSE,0.638038622335167,0.589656595569399
207,1,1,1,FALSE,0.757025819900643,0.744512134904503
208,10,10,10,FALSE,0.372421295918945,0.374447439701034
209,10,10,10,FALSE,0.460272730497342,0.44519404712906
210,2,2,2,FALSE,0.663328448964416,0.617688305483993
211,2,2,2,FALSE,0.667743923524793,0.620190129177322
212,8,8,8,FALSE,0.455931685146795,0.449163242657059
213,5,5,5,FALSE,0.633368924629137,0.582295509230932
214,10,10,10,FALSE,0.430867791755873,0.422898435298512
215,5,5,5,FALSE,0.501192646701134,0.466224191394689
216,4,4,4,FALSE,0.71507909276299,0.600970690466147
217,2,2,2,FALSE,0.773246037302203,0.72970919749539
218,8,8,8,FALSE,0.668855166140544,0.619130353185463
219,12,12,12,FALSE,0.541442459176025,0.507483606275786
220,5,11,11,TRUE,-0.00867195536649587,-0.0744356907821642
221,12,12,12,FALSE,0.224475289720783,0.198840303836618
222,12,12,12,FALSE,0.390441272135418,0.357719908681838
223,5,5,5,FALSE,0.667290257616943,0.586967099921335
224,10,10,10,FALSE,0.327583819118476,0.39467627176415
225,12,12,12,FALSE,0.228822793173602,0.204109102330537
226,10,10,10,FALSE,0.327555199631166,0.37905005516534
227,4,4,4,FALSE,0.719409166726696,0.60024939565776
228,1,1,1,FALSE,0.122265687374565,0.187959469846157
229,12,12,12,FALSE,0.375775140088108,0.347976378343893
230,2,2,2,FALSE,0.674071288417785,0.62047670058634
231,2,2,2,FALSE,0.433158378949181,0.406685781391842
232,12,12,12,FALSE,0.479939250574452,0.451533412648454
233,5,5,5,FALSE,0.790585567637698,0.732114543838084
234,12,12,12,FALSE,0.550081090359525,0.512355465138836
235,12,12,12,FALSE,0.543217788814621,0.501971674786866
236,10,10,10,FALSE,0.327636926480852,0.393083606658615
237,4,4,4,FALSE,0.706240431436141,0.571466167521917
238,5,5,5,FALSE,0.780037179910301,0.72348699879429
239,2,2,2,FALSE,0.766362897494526,0.679766291794081
240,12,12,12,FALSE,0.543034316034887,0.501429280257502
241,12,12,12,FALSE,0.197862876896608,0.163002523381266
242,2,2,2,FALSE,0.600983658993135,0.554058575656808
243,8,8,8,FALSE,0.658013914857463,0.595433241778361
244,12,12,12,FALSE,0.226849928427295,0.213987994998138
245,10,10,10,FALSE,0.327936725925788,0.393272635303677
246,5,5,5,FALSE,0.655629946828617,0.58998776081564
247,2,2,2,FALSE,0.774621150038199,0.725099424304982
248,12,12,12,FALSE,0.219293703134222,0.206665519305959
249,5,5,5,FALSE,0.792601084185872,0.711070752786734
250,4,4,4,FALSE,0.698980790571689,0.533225994572072
251,10,10,10,FALSE,0.291780031092558,0.357311275632921
252,9,9,9,FALSE,0.219766468570032,0.270228449208066
253,10,10,10,FALSE,0.318475186228395,0.369343761125018
254,4,4,4,FALSE,0.585840172165393,0.472848210727672
255,6,6,6,FALSE,-0.185836771739519,-0.240049094607364
256,2,2,2,FALSE,0.696785300941841,0.649453227749357
257,5,5,5,FALSE,0.784019022616771,0.720488123994236
258,10,10,10,FALSE,0.327745785579251,0.393399881776014
259,4,4,4,FALSE,0.699007940663672,0.587529070360907
260,10,10,10,FALSE,0.273355370544353,0.343964818722056
261,2,2,2,FALSE,0.766539166794969,0.720951106010329
262,4,4,4,FALSE,0.718525162966892,0.583521469450302
263,4,4,4,FALSE,0.728646062822168,0.591419689583936
264,12,12,12,FALSE,0.390857833455882,0.338342874260127
265,8,8,8,FALSE,0.534815640467149,0.49684883223758
266,8,8,8,FALSE,0.534610277802503,0.4962373431975
267,4,4,4,FALSE,0.669010316576985,0.553449234708937
268,5,5,5,FALSE,0.784711642817434,0.725058067168037
269,4,4,4,FALSE,0.730017929392031,0.595450529105542
270,2,2,2,FALSE,0.685527143518977,0.628848712691673
271,10,10,10,FALSE,0.327782646572523,0.394506860644027
272,5,5,5,FALSE,0.790441651144341,0.730592111741966
273,4,4,4,FALSE,0.674537468616348,0.516623912798356
274,8,8,8,FALSE,0.650002144639962,0.599958872467902
275,2,2,2,FALSE,0.750721690150395,0.705864884946679
276,4,4,4,FALSE,0.623246632804829,0.490721643491723
277,5,5,5,FALSE,0.792716013088313,0.73323593237385
278,12,12,12,FALSE,0.36942087199862,0.343018140875713
279,2,2,2,FALSE,0.634486197064057,0.599503518692579
280,4,4,4,FALSE,0.651980194204551,0.540578917089871
281,4,4,4,FALSE,0.699001460519971,0.545912241431643
282,2,2,2,FALSE,0.771859138312986,0.727125075904184
283,4,4,4,FALSE,0.729262016995447,0.59512241536834
284,5,5,5,FALSE,0.633236373891519,0.560490928890573
285,2,2,2,FALSE,0.661231951375936,0.619730594258622
286,5,5,5,FALSE,0.779980425812805,0.720529824944081
287,4,4,4,FALSE,0.719118181531615,0.597429328520071
288,4,4,4,FALSE,0.728988483530406,0.598334278976554
289,10,10,10,FALSE,0.305447014764894,0.379674886243493
290,5,5,5,FALSE,0.777422311589451,0.716746920050129
291,4,4,4,FALSE,0.713974724141369,0.540258101373522
292,4,4,4,FALSE,0.676089650774866,0.516911273910699
293,2,2,2,FALSE,0.612470087703408,0.539009731623324
294,4,4,4,FALSE,0.721546499814839,0.543695073280292
295,4,4,4,FALSE,0.711771637422121,0.59873944193667
296,4,4,4,FALSE,0.690087422132609,0.538278656458416
297,2,2,2,FALSE,0.769424022656709,0.708895021750023
298,4,4,4,FALSE,0.713542709337197,0.560193401742194
299,1,1,1,FALSE,0.742240382099843,0.721342301508842
300,2,2,2,FALSE,0.742032538940512,0.691103840508129
301,5,5,5,FALSE,0.541839888681583,0.511877713829637
302,4,4,4,FALSE,0.629294830657454,0.484025421161416
303,5,5,5,FALSE,0.641645560164633,0.599287866208292
304,5,5,5,FALSE,0.659972359270859,0.615027195207862
305,2,2,2,FALSE,0.761447974348503,0.675873589965729
306,2,2,2,FALSE,0.683334103455713,0.601425752195211
307,3,3,3,FALSE,0.562507241587323,0.525119958362449
308,3,7,7,TRUE,0.0156150124350141,0.132721358432161
309,12,12,12,FALSE,-0.230532479977115,-0.102977876404419
310,4,4,4,FALSE,0.697229424191384,0.436615956971684
311,2,2,2,FALSE,0.756622045123704,0.671064772587803
312,9,9,9,FALSE,-0.122621180925873,-0.118106960291458
313,9,9,9,FALSE,0.308058959223631,0.253080465193694
314,5,5,5,FALSE,0.660327924676226,0.583204955399111
315,3,3,3,FALSE,0.548539084866869,0.516030143989935
316,3,3,3,FALSE,0.236918129731951,0.24084931401378
317,5,5,5,FALSE,0.78309599992167,0.721929247344545
318,9,9,9,FALSE,0.404655211765703,0.5200247237901
319,9,9,9,FALSE,0.394624083947354,0.506638020418475
320,3,3,3,FALSE,-0.124467743863469,-0.134679855136778
321,9,9,9,FALSE,0.415344946629059,0.52887251075688
322,8,8,8,FALSE,0.634526454693822,0.564455016116429
323,9,9,9,FALSE,0.376088009832563,0.473953285143939
324,5,5,5,FALSE,0.732674698409535,0.677351605285241
325,9,9,9,FALSE,0.416471035910484,0.370406813543576
326,9,9,9,FALSE,0.138194903737352,0.333450963957514
327,5,5,5,FALSE,0.770946286755011,0.71329800553716
328,9,6,6,TRUE,0.177201442343714,0.00901319899408367
329,8,8,8,FALSE,0.628015396037758,0.524285153408648
330,3,3,3,FALSE,0.577750780722194,0.539123894822046
331,9,9,9,FALSE,0.177051495543064,-0.0388074308109047
332,9,6,6,TRUE,0.177051495543064,0.007138981982955
333,3,3,3,FALSE,0.114759601387369,0.156706817448751
334,3,3,3,FALSE,0.115813256865319,0.158287055881511
335,2,2,2,FALSE,0.74184593215347,0.703163821060489
336,3,3,3,FALSE,0.607510440725432,0.54966916143498
337,8,8,8,FALSE,0.6461460617306,0.591254702778983
338,3,3,3,FALSE,0.163726980059115,-0.0274999501062246
339,7,7,7,FALSE,0.102236830844005,0.139355632816324
340,9,9,9,FALSE,0.397677561827406,0.438473124748085
341,8,8,8,FALSE,0.520036858118115,0.507534730526358
342,2,2,2,FALSE,0.689721204320912,0.64587736100312
343,5,5,5,FALSE,0.557612362486647,0.515563221465439
344,5,5,5,FALSE,0.703151322032131,0.638496737100196
345,2,2,2,FALSE,0.67581879297602,0.631032244827422
346,8,8,8,FALSE,0.556043403784066,0.518621017075798
347,5,5,5,FALSE,0.717086748348586,0.644919700086224
348,2,2,2,FALSE,0.496718369937614,0.467768781576491
349,5,5,5,FALSE,0.45152158987088,0.42026224258279
350,5,5,5,FALSE,0.482163222892517,0.444799878337631
351,8,8,8,FALSE,0.733165576958812,0.64224733164334
352,8,8,8,FALSE,0.76135060017438,0.670454427661202
353,8,8,8,FALSE,0.761879680016425,0.67263531077943
354,8,8,8,FALSE,0.718417764780828,0.649109741758992
355,12,12,12,FALSE,0.388889417972315,0.360566338910084
356,12,12,12,FALSE,0.510392743657634,0.463413744205435
357,8,8,8,FALSE,0.736926570842126,0.667471142006972
358,8,8,8,FALSE,0.753689126405999,0.678885074551452
359,8,8,8,FALSE,0.709191286938699,0.643791258661173
360,8,8,8,FALSE,0.759397589259387,0.692176096296488
361,8,8,8,FALSE,0.736931669242694,0.656695813188123
362,12,12,12,FALSE,0.535970104033808,0.487995307000744
363,8,8,8,FALSE,0.516344408768993,0.491236539100027
364,12,12,12,FALSE,0.438192664249933,0.404711642937935
365,12,12,12,FALSE,0.542318025530455,0.483858214261214
366,12,12,12,FALSE,0.547297910120296,0.497737161325197
367,2,2,2,FALSE,0.697178931413824,0.647345118874469
368,5,5,5,FALSE,0.785273793377235,0.725607703747094
369,8,8,8,FALSE,0.743180320761433,0.689726455896335
370,2,2,2,FALSE,0.642423785302802,0.600615011840443
371,5,5,5,FALSE,0.786022886537958,0.723976237818922
372,1,1,1,FALSE,0.72159652784479,0.711916724327736
373,2,2,2,FALSE,0.645739462736781,0.601563624273736
374,2,2,2,FALSE,0.666837100294341,0.613201940443452
375,2,2,2,FALSE,0.605681498692848,0.558611339642355
376,8,8,8,FALSE,0.761909912682845,0.702576400608604
377,4,4,4,FALSE,0.468567684236803,0.360683086240328
378,8,8,8,FALSE,0.761519793227347,0.715205551346922
379,4,4,4,FALSE,0.449955082815438,0.343299165010915
380,6,6,6,FALSE,0.230084199018307,0.0719159317817512
381,8,8,8,FALSE,0.741831859956236,0.683721417242898
382,5,5,5,FALSE,0.73367237620115,0.669783025611099
383,8,8,8,FALSE,0.723883424304262,0.681209030566513
384,5,5,5,FALSE,0.734577054557042,0.676377939276235
385,4,4,4,FALSE,0.615551405222268,0.46492876036154
386,6,6,6,FALSE,0.271781281624408,0.107256742439265
387,2,2,2,FALSE,0.759620227863526,0.716229573872742
388,6,6,6,FALSE,0.260579063667781,0.0727105332530632
389,2,2,2,FALSE,0.559209345279185,0.501617077900161
390,5,5,5,FALSE,0.653305879874336,0.594582081717364
391,2,2,2,FALSE,0.766934625163892,0.71880314560573
392,8,8,8,FALSE,0.75097825013377,0.691430702939792
393,6,6,6,FALSE,0.495929952408828,0.274936837165544
394,5,5,5,FALSE,0.483577099044133,0.439927296960182
395,6,6,6,FALSE,0.269491853693815,0.0733906165986196
396,9,9,9,FALSE,0.356547292802049,0.465381283633397
397,5,5,5,FALSE,0.550091698300528,0.512474625683843
398,5,5,5,FALSE,0.6085647044197,0.566716531174455
399,6,6,6,FALSE,0.489395432294236,0.278246429766357
400,5,5,5,FALSE,0.550625014178548,0.488518972743087
401,5,5,5,FALSE,0.557337746233843,0.493085350129137
402,6,6,6,FALSE,0.406375073492227,0.249933635298146
403,2,2,2,FALSE,0.769920058810575,0.722113352272159
404,2,2,2,FALSE,0.770946029902533,0.718869948346345
405,2,2,2,FALSE,0.768192024615645,0.715444433329798
406,2,2,2,FALSE,0.672848041949162,0.618591999369854
407,1,1,1,FALSE,0.732540432694398,0.70803701113489
408,2,2,2,FALSE,0.74782028135636,0.702346211004117
409,1,1,1,FALSE,0.734384561228721,0.709821813511983
410,1,1,1,FALSE,0.726544059001895,0.716809294234302
411,2,2,2,FALSE,0.76627314735059,0.716994647212678
412,2,2,2,FALSE,0.568270141335171,0.532293361108664
413,1,1,1,FALSE,0.709185594275158,0.699918223582817
414,1,1,1,FALSE,0.720121599496117,0.704979420017154
415,1,1,1,FALSE,0.690193166711937,0.656335927515629
416,1,1,1,FALSE,0.757713763144673,0.743349513216877
417,10,10,10,FALSE,0.438891512129215,0.417511766324021
418,1,1,1,FALSE,0.679850654760373,0.67091583444931
419,2,2,2,FALSE,0.769066115489637,0.726058933657166
420,2,2,2,FALSE,0.693736825263579,0.633558689950312
421,10,10,10,FALSE,0.429648079145438,0.405543467356694
422,10,10,10,FALSE,0.321873891586364,0.33639428960252
423,1,1,1,FALSE,0.727231894589102,0.717456361596403
424,2,2,2,FALSE,0.662254326646368,0.628852725370186
425,2,2,2,FALSE,0.673689666386493,0.641318050345365
426,5,5,5,FALSE,0.711868283172936,0.654340120109728
427,4,4,4,FALSE,0.60034490864259,0.483366894884846
428,5,5,5,FALSE,0.791160113245656,0.725505459429275
429,2,2,2,FALSE,0.555616521827466,0.534308413819674
430,5,5,5,FALSE,0.792402070908732,0.733263987197913
431,4,4,4,FALSE,0.658033732163598,0.510037038466349
432,5,5,5,FALSE,0.791013411563183,0.731523776180808
433,4,4,4,FALSE,0.598228577740445,0.470611170437248
434,5,5,5,FALSE,0.790798355594341,0.721324750004073
435,5,5,5,FALSE,0.740688946280369,0.683612917808884
436,2,2,2,FALSE,0.749386623194294,0.702794847626784
437,5,5,5,FALSE,0.789300017829424,0.731234394107671
438,2,2,2,FALSE,0.762315294894285,0.711895949894423
439,5,5,5,FALSE,0.659050734871705,0.575880396375227
440,2,2,2,FALSE,0.660336874539462,0.626105531326931
441,2,2,2,FALSE,0.77144247833456,0.716749000693955
442,5,5,5,FALSE,0.656167786398432,0.609256934537556
443,5,5,5,FALSE,0.761541027638016,0.671356174970874
444,2,2,2,FALSE,0.633711089220425,0.58606722837544
445,5,5,5,FALSE,0.712178896309447,0.645931654096054
446,7,4,4,TRUE,0.129243130135795,-0.0856639459980247
447,5,5,5,FALSE,0.658472762247644,0.575789097931841
448,2,2,2,FALSE,0.765654283465014,0.719593150585471
449,2,2,2,FALSE,0.644250444689818,0.607790617767644
450,1,1,1,FALSE,0.758529215884515,0.74037413004647
451,2,2,2,FALSE,0.758803933610117,0.713425428807222
452,2,2,2,FALSE,0.683102829032404,0.627245844089657
453,1,1,1,FALSE,0.661196663141715,0.644213461417241
454,1,1,1,FALSE,0.707630030355146,0.682164415849559
455,5,5,5,FALSE,0.698748048642699,0.647264200619964
456,2,2,2,FALSE,0.630663165018262,0.602473801314235
457,2,2,2,FALSE,0.764962419803627,0.719436039349557
458,10,10,10,FALSE,0.465361117314619,0.453633677101387
459,2,2,2,FALSE,0.770369830016476,0.713203654216714
460,5,5,5,FALSE,0.707170072515775,0.65581521525831
461,5,5,5,FALSE,0.698495771106801,0.651894841624504
462,2,2,2,FALSE,0.663327913959618,0.620755806297563
463,2,2,2,FALSE,0.670615101012921,0.622204952983181
464,2,2,2,FALSE,0.67096000036516,0.611709279276816
465,5,5,5,FALSE,0.792520086523942,0.727988862802648
466,12,12,12,FALSE,0.342699738676214,0.306145551348663
467,5,5,5,FALSE,0.675604436237622,0.613150158982358
468,8,8,8,FALSE,0.71641994048838,0.667687170721476
469,6,6,6,FALSE,0.470615597516126,0.25792896769271
470,6,6,6,FALSE,0.253504651588549,0.113345212844323
471,6,6,6,FALSE,0.402728105216224,0.256772384161412
472,6,6,6,FALSE,0.25546998241556,0.0618901730159933
473,1,1,1,FALSE,0.706116853357008,0.672652123269211
474,1,1,1,FALSE,0.582387620823148,0.57520635850331
475,3,3,3,FALSE,0.302666594164223,0.333888999322409
476,6,6,6,FALSE,-0.0250578824526971,0.0547017876828699
477,3,3,3,FALSE,0.607510440725432,0.54966916143498
478,3,3,3,FALSE,0.137567112917212,0.171802037257845
479,3,3,3,FALSE,0.306456212419779,0.344276637442662
480,9,6,6,TRUE,0.177051495543064,0.0584564568971877
481,7,7,7,FALSE,0.714831104840419,0.667841381054768
482,5,5,5,FALSE,0.604273617983956,0.536113782068073
483,2,2,2,FALSE,0.42558663735686,0.40596708724594
484,10,10,10,FALSE,0.258157369655206,0.264684366652894
485,11,11,11,FALSE,-0.0582607817520507,-0.0570326819445724
486,6,6,6,FALSE,0.480952870466294,0.287068163749262
487,6,6,6,FALSE,0.270151009684056,0.0908017064465377
488,2,2,2,FALSE,0.72539848068866,0.673917016129872
489,3,3,3,FALSE,0.544817116725088,0.365700663987882
490,7,4,4,TRUE,0.135595644046402,-0.0839838616427576
491,2,2,2,FALSE,0.769830412846219,0.726575671226389
492,2,2,2,FALSE,0.687436652866193,0.629433640790667
493,2,2,2,FALSE,0.764273987662371,0.718301176968522
494,1,1,1,FALSE,0.697262451213032,0.688602483928581
495,2,2,2,FALSE,0.769336451541081,0.716006727558616
496,9,9,9,FALSE,-0.217907715351635,-0.0371267630156517
497,4,4,4,FALSE,0.457686321672055,0.344794330062476
498,1,1,1,FALSE,0.754611499195428,0.739559682490873
499,2,2,2,FALSE,0.692876570949935,0.646636133437983
500,2,2,2,FALSE,0.773695351899739,0.729037600983517
501,11,11,11,FALSE,0.568362287891771,0.568982909650703
502,5,5,5,FALSE,0.791054976494477,0.714090351134153
503,2,2,2,FALSE,0.759344853917013,0.693910977742831
504,2,4,4,TRUE,-0.024981663005187,-0.0481097529338964
505,7,7,7,FALSE,0.721379627516492,0.668780487271541
506,1,1,1,FALSE,0.716349776026628,0.704003271795507
507,10,10,10,FALSE,0.139583893986519,0.173632196308062
508,2,2,2,FALSE,0.669211515535713,0.627419187886254
509,8,8,8,FALSE,0.763671555580675,0.705915703765659
510,8,8,8,FALSE,0.617307445187947,0.570960948473626
511,8,8,8,FALSE,0.73199619556477,0.688892078068886
512,9,9,9,FALSE,0.30965599782434,0.395375149358138
513,5,5,5,FALSE,0.791739865488729,0.711268485892154
514,4,4,4,FALSE,0.726580131316015,0.58338735393874
515,11,5,5,TRUE,-0.111459562987913,0.0204989432384225
516,10,10,10,FALSE,0.194616878420109,0.280736515732915
517,10,10,10,FALSE,0.324778164828223,0.393470315742661
518,11,11,11,FALSE,0.512453022698006,0.510273544983331
519,8,8,8,FALSE,0.763442122803886,0.717263078827019
520,8,8,8,FALSE,0.661005595871979,0.610915258701029
521,10,10,10,FALSE,0.45389478377225,0.443420977666141
522,2,2,2,FALSE,0.621922519728831,0.580398514650888
523,10,10,10,FALSE,0.451786179326996,0.444001863776716
524,9,9,9,FALSE,0.384493621671952,0.444545001032315
525,12,12,12,FALSE,-0.0352739533925347,-0.0285950868677679
526,5,5,5,FALSE,0.790701371120312,0.704653655927272
527,11,11,11,FALSE,0.0419742656099493,0.0412973330614075
528,12,12,12,FALSE,-0.0747673114668394,-0.0767470381585647
529,11,11,11,FALSE,0.526051618280854,0.508769305219597
530,6,6,6,FALSE,0.44857718935475,0.250513852128319
531,5,5,5,FALSE,0.762514660090052,0.697835120223846
532,5,5,5,FALSE,0.699522926352367,0.640054520470605
533,5,5,5,FALSE,0.490380378784079,0.463069946523107
534,2,2,2,FALSE,0.768960828537532,0.721229000565799
535,5,5,5,FALSE,0.790465905340179,0.716941662623449
536,5,5,5,FALSE,0.55250465519072,0.514227898543353
537,5,5,5,FALSE,0.790574077412509,0.731159712055552
538,8,8,8,FALSE,0.758626593081041,0.699780493207313
539,5,5,5,FALSE,0.754729868127098,0.697738684199724
540,2,2,2,FALSE,0.75795130044245,0.709616111709057
541,6,6,6,FALSE,0.235510682404206,0.1146249843647
542,6,6,6,FALSE,0.495106776839803,0.282764542360029
543,8,8,8,FALSE,0.721412252285273,0.676292652530959
544,6,6,6,FALSE,0.495962240452704,0.286403175812982
545,9,9,9,FALSE,0.249497982572737,0.376642235636658
546,9,9,9,FALSE,0.28013579218789,0.377109655848324
547,8,8,8,FALSE,0.763605124957466,0.702907682642984
548,9,9,9,FALSE,0.369510372170119,0.473417629385746
549,6,6,6,FALSE,0.398461472717078,0.18385883590557
550,12,12,12,FALSE,0.208359131727989,0.188521024579724
551,10,10,10,FALSE,0.104467462256683,0.134524538880624
552,1,1,1,FALSE,0.746496553973748,0.726662126969677
553,12,12,12,FALSE,-0.0315823986839951,-0.0877252168666495
554,8,8,8,FALSE,0.666787049086635,0.617169938326272
555,2,2,2,FALSE,0.774248775427901,0.730137318909467
556,10,10,10,FALSE,0.449923602770846,0.43165826362255
557,2,2,2,FALSE,0.683980806966152,0.63708143456901
558,12,12,12,FALSE,0.198020639229628,0.189573197172465
559,5,5,5,FALSE,0.682282638656582,0.612848420856024
560,4,4,4,FALSE,0.661627356259838,0.505649565722462
561,4,4,4,FALSE,0.682378386415911,0.520845253198348
562,6,6,6,FALSE,0.40206883625604,0.185164740085423
563,5,5,5,FALSE,0.688453453083878,0.643443136144024
564,2,2,2,FALSE,0.570622396300783,0.541620593086586
565,5,5,5,FALSE,0.552470105837914,0.497496530156286
566,2,2,2,FALSE,0.692330628192611,0.639682857425591
567,4,4,4,FALSE,0.604108082051078,0.484300881454921
568,5,5,5,FALSE,0.712279796206189,0.654893567104502
569,2,2,2,FALSE,0.744273913786113,0.701566507297624
570,2,2,2,FALSE,0.747411544755652,0.692915546351408
571,5,5,5,FALSE,0.644133800304299,0.561503445681342
572,2,2,2,FALSE,0.766228282673623,0.716857263649522
573,5,5,5,FALSE,0.784585865768503,0.719413820042446
574,5,5,5,FALSE,0.556545965478755,0.51292421574859
575,5,5,5,FALSE,0.556126987650715,0.507879450757087
576,5,5,5,FALSE,0.785427360701724,0.714108980059212
577,3,3,3,FALSE,0.576430256632573,0.328513809334219
578,2,2,2,FALSE,0.750567146830482,0.667575227389472
579,5,5,5,FALSE,0.659874598180529,0.594941024808597
580,3,3,3,FALSE,0.578037359573674,0.474266527982466
581,2,2,2,FALSE,0.685489565359909,0.645109447134831
582,2,2,2,FALSE,0.772293841468124,0.706890615524567
583,2,2,2,FALSE,0.765238931818842,0.688218560921385
584,2,2,2,FALSE,0.763666843718315,0.638957316769124
585,2,2,2,FALSE,0.648159229293751,0.548264013662432
586,2,2,2,FALSE,0.745094389240751,0.671173760897389
587,5,5,5,FALSE,0.742716052130508,0.636306547915923
588,3,3,3,FALSE,0.563056128054506,0.28691554920406
589,5,5,5,FALSE,0.656256364619094,0.568423976745445
590,2,2,2,FALSE,0.773058949734152,0.729178094234971
591,2,2,2,FALSE,0.681771433301595,0.615449886844655
592,2,2,2,FALSE,0.661129600025977,0.577571301977618
593,2,2,2,FALSE,0.762154206094893,0.720187454163079
594,2,2,2,FALSE,0.658179802715628,0.568930031567737
595,3,3,3,FALSE,0.576208029503811,0.451102009073056
596,9,9,9,FALSE,-0.0109312722100053,0.223778384000288
597,2,2,2,FALSE,0.730952284748048,0.444638625991423
598,5,5,5,FALSE,0.764760551746559,0.575129436716788
599,2,2,2,FALSE,0.744377569156605,0.655591572285174
600,2,2,2,FALSE,0.760927807403312,0.69099672647657
601,2,2,2,FALSE,0.67073525403838,0.62645616927895
602,3,3,3,FALSE,0.0213449828900619,0.0338644076429798
603,2,2,2,FALSE,0.660970117529814,0.575201032118751
604,5,5,5,FALSE,0.768555718737834,0.647103067721095
605,9,9,9,FALSE,0.128153709264918,0.225614821037147
606,3,3,3,FALSE,0.114938516566364,0.158296068828076
607,3,3,3,FALSE,0.113207899333433,0.15527172425162
608,7,7,7,FALSE,0.132094968153798,0.0816224303406494
609,2,2,2,FALSE,0.723805751265673,0.597635050318524
610,9,6,6,TRUE,0.199278173926067,0.0312766551002956
611,3,3,3,FALSE,0.500373059952445,0.498236020728524
612,3,3,3,FALSE,0.163233012688447,0.245661221522813
613,3,3,3,FALSE,0.477996403153083,0.395722783276256
614,5,5,5,FALSE,0.791621530560713,0.727053545974848
615,10,10,10,FALSE,0.278791830123328,0.308065596054331
616,10,10,10,FALSE,0.126922529953122,0.149549722871702
617,10,10,10,FALSE,0.0396749337172974,0.0644669907929977
618,7,7,7,FALSE,0.73583093302309,0.683546109496786
619,2,2,2,FALSE,0.770759836687494,0.709558640856809
620,2,2,2,FALSE,0.763690265348773,0.72057560093549
621,4,4,4,FALSE,0.47595706173666,0.343771342999685
622,4,4,4,FALSE,0.70065961872578,0.577331412955855
623,8,8,8,FALSE,0.668010004267907,0.596010896361889
624,6,6,6,FALSE,0.223649885204852,0.00922266713366166
625,6,6,6,FALSE,0.258148740668566,0.0284961660071451
626,2,2,2,FALSE,-0.031128442803776,-0.0446906138056779
627,5,5,5,FALSE,0.790516194306972,0.717276377104375
628,5,5,5,FALSE,0.78860733241837,0.728692016478913
629,2,2,2,FALSE,0.652799293446864,0.577565903937594
630,4,4,4,FALSE,0.730371897847277,0.587456566372487
631,2,2,2,FALSE,0.678297073914608,0.634519582056019
632,11,11,11,FALSE,0.385737381965439,0.362904751459931
633,8,8,8,FALSE,0.75773447632968,0.706918696739221
634,11,11,11,FALSE,0.361929673901907,0.385768565604182
635,8,8,8,FALSE,0.638425962158452,0.579205773227589
636,8,8,8,FALSE,0.723442172267842,0.669436352180014
637,5,5,5,FALSE,0.556305775683024,0.516105776223537
638,8,8,8,FALSE,0.744111341608484,0.697131874123689
639,5,5,5,FALSE,0.649199674469899,0.573946347454545
640,2,2,2,FALSE,0.695330475972963,0.634580675146641
641,4,4,4,FALSE,0.449925017091721,0.349064104842108
642,2,2,2,FALSE,0.771982625477351,0.659588949541631
643,4,4,4,FALSE,0.714053768280445,0.570387581070314
644,2,2,2,FALSE,0.422080367342996,0.402960824608674
645,5,5,5,FALSE,0.60987862324584,0.542139382372317
646,5,5,5,FALSE,0.73587684608657,0.657447612468423
647,5,5,5,FALSE,0.782188505000862,0.686592583664272
648,12,12,12,FALSE,0.53874864500567,0.501504649741827
649,12,12,12,FALSE,0.191762947300317,0.175728733011098
650,8,8,8,FALSE,0.616102507812571,0.571519133950392
651,12,12,12,FALSE,0.535388973205838,0.494654431364657
652,4,4,4,FALSE,0.707656698309645,0.580094591660851
653,4,4,4,FALSE,0.470035753586966,0.362079603740083
654,4,4,4,FALSE,0.712818066852619,0.577632552581854
655,12,12,12,FALSE,0.529548233862718,0.480896865598238
656,4,4,4,FALSE,0.719880178238238,0.53302893144723
657,4,4,4,FALSE,0.726469319471236,0.577409949138163
658,12,12,12,FALSE,0.524378664790333,0.476353619082856
659,4,4,4,FALSE,0.676723807090311,0.52836321624481
660,5,5,5,FALSE,0.787913654975414,0.721259778762835
661,12,12,12,FALSE,-0.0167483688317309,-0.0773476248936171
662,11,5,5,TRUE,-0.111703093896113,0.0301214927446758
663,2,2,2,FALSE,0.730839914053664,0.680322907059982
664,2,2,2,FALSE,0.764748266835918,0.643658036536827
665,2,2,2,FALSE,0.66795538008288,0.581374837071133
666,4,4,4,FALSE,0.717909464292251,0.543449289236243
667,12,12,12,FALSE,0.549733605008184,0.507837676528448
668,5,11,11,TRUE,-0.0252797384840649,-0.116333783641707
669,4,4,4,FALSE,0.598226322381436,0.463022541665954
670,8,8,8,FALSE,0.721297088572799,0.672594508466611
671,8,8,8,FALSE,0.656797878457044,0.58772394132017
672,2,2,2,FALSE,0.751122593015861,0.698624600042885
673,4,4,4,FALSE,0.703431324178726,0.540053594196637
674,5,5,5,FALSE,0.772407737927428,0.71123826123282
675,8,8,8,FALSE,0.658459631243831,0.609886373277453
676,2,2,2,FALSE,0.687667440772255,0.629492846045432
677,4,4,4,FALSE,0.457848602088937,0.349220023964375
678,2,2,2,FALSE,0.65111832592382,0.602967424814816
679,8,8,8,FALSE,0.742458066622392,0.684492624565435
680,6,6,6,FALSE,0.222361908593252,-0.019852871481584
681,5,5,5,FALSE,0.696146216653697,0.633646237323366
682,6,6,6,FALSE,0.383119447111749,0.170979704536102
683,8,8,8,FALSE,0.743934765102549,0.685728863441506
684,8,8,8,FALSE,0.695461437559922,0.649380660326463
685,5,5,5,FALSE,0.688089837332187,0.622045773816839
686,8,8,8,FALSE,0.635779402573565,0.587833562231937
687,8,8,8,FALSE,0.724786327054991,0.671126122881087
688,8,8,8,FALSE,0.710391185929009,0.660685061529608
689,5,5,5,FALSE,0.606544765392881,0.572210394938109
690,2,2,2,FALSE,0.757084555604497,0.680759917834061
691,2,2,2,FALSE,0.647546153961708,0.597209259608667
692,2,2,2,FALSE,0.674463229458846,0.64089737088505
693,2,2,2,FALSE,-0.105127962581262,-0.0663366632381806
694,2,2,2,FALSE,0.740510541190339,0.687629918739151
695,2,2,2,FALSE,0.723651619048226,0.618125187571674
696,4,4,4,FALSE,0.691617927524227,0.549469137542871
697,4,4,4,FALSE,0.701251781730225,0.553536507591993
698,5,5,5,FALSE,0.77423705515453,0.656797886116247
699,4,4,4,FALSE,0.681217710916893,0.542992834429204
700,2,2,2,FALSE,0.718459402982296,0.645688319976052
701,3,3,3,FALSE,0.431825907566992,0.221233537415884
702,2,2,2,FALSE,0.736092201229911,0.697064180957987
703,4,4,4,FALSE,0.699490749214417,0.5540897908483
704,3,3,3,FALSE,0.483555689138699,0.488616453373655
705,3,3,3,FALSE,0.482399838852719,0.488165903314333
706,3,3,3,FALSE,0.115229188765505,0.158115926301833
707,6,6,6,FALSE,0.18292467178217,-0.0578058169781136
708,8,8,8,FALSE,0.63857900331957,0.533484062320944
709,5,5,5,FALSE,0.768092973543481,0.645485957147594
710,8,8,8,FALSE,0.728734578468922,0.670662983485712
711,5,5,5,FALSE,0.759072079470362,0.688608431100822
712,5,5,5,FALSE,0.771259426861014,0.697337226507213
713,9,9,9,FALSE,0.38353137062901,0.488321796366419
714,7,7,7,FALSE,0.688135451520884,0.643994774382579
715,7,7,7,FALSE,0.737596558319894,0.686373095371224
716,7,7,7,FALSE,0.660846156470186,0.625410089462538
717,7,7,7,FALSE,0.737784256451794,0.683373195452777
718,7,7,7,FALSE,0.687949094726612,0.646822773123874
719,7,7,7,FALSE,0.704812827785593,0.660783583475563
720,7,7,7,FALSE,0.684789328585678,0.639744014715507
721,7,7,7,FALSE,0.688213974789099,0.644056145992168
722,7,7,7,FALSE,0.684708080289626,0.641902864583785
723,7,7,7,FALSE,0.685565027429682,0.632933457023457
724,7,7,7,FALSE,0.687821093596138,0.631933049148082
725,7,7,7,FALSE,0.685267649588403,0.639526186585936
726,7,7,7,FALSE,0.727706398813774,0.651970170296409
727,7,7,7,FALSE,0.687889909641664,0.642945641029517
728,7,7,7,FALSE,0.737580186560644,0.660621328851165
729,7,7,7,FALSE,0.70099216694545,0.646179271836332
730,10,10,10,FALSE,0.462207995494327,0.446136414178089
731,2,2,2,FALSE,0.663333332406967,0.619533595957193
732,2,2,2,FALSE,0.68458176845355,0.627357802700727
733,11,4,4,TRUE,0.0389349012344204,-0.0291825290467508
734,11,11,11,FALSE,0.566777102655709,0.55152803946078
735,11,11,11,FALSE,0.52563851981607,0.497012363632345
736,11,11,11,FALSE,0.589093993564408,0.574380867143802
737,11,11,11,FALSE,0.607134532564467,0.576653170809598
738,1,1,1,FALSE,0.703197413863952,0.69332470528401
739,1,1,1,FALSE,0.657912658074613,0.655254872031765
740,2,2,2,FALSE,0.655428423087537,0.612883354301376
741,2,2,2,FALSE,0.774022450901195,0.724888963895359
742,11,11,11,FALSE,0.520042004735319,0.498391531014719
743,8,8,8,FALSE,0.663240090135906,0.595259782787744
744,11,11,11,FALSE,0.378471574971515,0.356734165213429
745,11,11,11,FALSE,0.598226872917012,0.588823137524251
746,11,11,11,FALSE,0.496358245178904,0.502938956995282
747,2,2,2,FALSE,0.743159096549045,0.689441694728849
748,12,12,12,FALSE,-0.0458552296256574,-0.0364394747680488
749,4,11,11,TRUE,-0.103620764634452,0.0386018814618181
750,12,12,12,FALSE,-0.0532152113771879,-0.0535070900433824
751,12,12,12,FALSE,-0.0307014074609236,-0.028591488480115
752,4,4,4,FALSE,0.719480256837174,0.549787316448382
753,2,2,2,FALSE,0.688341608589346,0.646485787718296
754,2,2,2,FALSE,0.728654893252617,0.682282758682093
755,2,2,2,FALSE,0.584083925491362,0.538894466517488
756,2,2,2,FALSE,0.688795970877841,0.630323594520726
757,2,2,2,FALSE,0.666160393191439,0.610767255688033
758,2,2,2,FALSE,0.771168845967048,0.702927783284483
759,11,11,11,FALSE,0.0423647480033452,0.0367025292362828
760,11,11,11,FALSE,0.041638656161358,0.030393537414661
761,5,5,5,FALSE,0.791823662384845,0.73143687038882
762,10,10,10,FALSE,0.378811292632296,0.370678890496432
763,10,10,10,FALSE,0.232409612327922,0.237151119623417
764,10,10,10,FALSE,0.39578874764099,0.388624881573352
765,10,10,10,FALSE,0.361884910603825,0.3572373891469
766,10,10,10,FALSE,0.25488704067883,0.284803991272506
767,5,5,5,FALSE,0.666788704108457,0.608296408417449
768,5,5,5,FALSE,0.663422798229009,0.604064509962872
769,2,2,2,FALSE,0.562048334971199,0.539923624937974
770,2,2,2,FALSE,0.563929176441667,0.536123325842922
771,2,2,2,FALSE,0.693330966553352,0.643248341048867
772,2,2,2,FALSE,0.679083287706748,0.641229653937663
773,11,11,11,FALSE,0.391371974983562,0.409369289480331
774,11,11,11,FALSE,0.510010997656956,0.517136673113578
775,2,2,2,FALSE,0.483733090147413,0.459940049184264
776,8,8,8,FALSE,0.668354961976933,0.592661484253542
777,8,8,8,FALSE,0.749453905185242,0.675313288142165
778,2,2,2,FALSE,0.72930280412709,0.690216084666005
779,5,5,5,FALSE,0.626751890478929,0.586156565092541
780,10,10,10,FALSE,0.318770879195968,0.333233541095173
781,5,5,5,FALSE,0.791911025232259,0.724450652579623
782,12,12,12,FALSE,0.220087517608612,0.189315574338446
783,8,8,8,FALSE,0.668987747482035,0.604981180788187
784,2,2,2,FALSE,0.615685751748837,0.572982441540812
785,2,2,2,FALSE,0.548584578697199,0.516686559065
786,8,8,8,FALSE,0.668479040105124,0.609904665367196
787,8,8,8,FALSE,0.730116576477269,0.646384474741328
788,8,8,8,FALSE,0.641764813772162,0.55034402227241
789,8,8,8,FALSE,0.762821527632044,0.682172280008663
790,8,8,8,FALSE,0.761619953938215,0.700592425570295
791,8,8,8,FALSE,0.732771081898674,0.689811287303792
792,8,8,8,FALSE,0.699705741471658,0.660525332858679
793,12,12,12,FALSE,0.229246335678043,0.20157372008754
794,12,12,12,FALSE,0.507118239108411,0.456133881822749
795,12,12,12,FALSE,0.234408677806367,0.231593215270612
796,4,4,4,FALSE,0.718202597575325,0.568950296932892
797,8,8,8,FALSE,0.70261505414257,0.654335516617484
798,8,8,8,FALSE,0.743701015700818,0.696051222525928
799,5,5,5,FALSE,0.739127296798414,0.681705529501731
800,2,2,2,FALSE,0.533518963277644,0.500229414695947
801,8,8,8,FALSE,0.667667276091373,0.59291855405864
802,2,2,2,FALSE,0.694922028287673,0.634591267749811
803,4,4,4,FALSE,0.721802652430336,0.579687898324876
804,12,12,12,FALSE,0.374864655511672,0.343630996917113
805,12,12,12,FALSE,0.512628791018609,0.455874125911245
806,2,2,2,FALSE,0.753750083811709,0.632856687552637
807,2,2,2,FALSE,0.667791751412127,0.632907402919448
808,4,4,4,FALSE,0.728522487987965,0.54814401131751
809,4,4,4,FALSE,0.726296316863715,0.540095266952756
810,4,4,4,FALSE,0.563269394614352,0.470943206774852
811,2,2,2,FALSE,0.74912174230139,0.706737147011932
812,2,2,2,FALSE,0.772398732584776,0.729163790029824
813,1,1,1,FALSE,0.711170825476391,0.701443341689084
814,10,10,10,FALSE,0.360103533437209,0.354290668428007
815,1,1,1,FALSE,0.757764989333394,0.728557169678757
816,1,1,1,FALSE,0.712021469383433,0.692177662155375
817,2,2,2,FALSE,0.773257728226467,0.724292607622968
818,2,2,2,FALSE,0.6936570827072,0.634460643690493
819,3,7,7,TRUE,0.137567112917212,0.0877715471778931
820,3,3,3,FALSE,0.0382757365570773,-0.10578426895308
821,3,3,3,FALSE,0.0198499341363086,0.0838835303126387
822,2,2,2,FALSE,0.691127508279729,0.63302805452594
823,2,2,2,FALSE,0.656408277723318,0.6214984789656
824,2,2,2,FALSE,0.655468116581144,0.611523558376543
825,5,5,5,FALSE,0.789496907918472,0.729274689422965
826,5,5,5,FALSE,0.666857468626862,0.616509856044472
827,5,5,5,FALSE,0.640604053653323,0.56641984729317
828,2,2,2,FALSE,0.731424299990992,0.451436397529653
829,4,4,4,FALSE,0.534043253963065,0.439396323688991
830,5,5,5,FALSE,0.696739264365181,0.631168023979722
831,2,2,2,FALSE,0.654994946320136,0.603619732674991
832,3,3,3,FALSE,0.482317100659355,0.487482242949764
833,3,3,3,FALSE,0.500373059952445,0.498236020728524
834,5,5,5,FALSE,0.772639631137188,0.715376326427242
835,9,9,9,FALSE,0.372982812225744,0.471541358832947
836,5,5,5,FALSE,0.775729767646975,0.692482626846533
837,2,2,2,FALSE,0.671061031742776,0.607628343699136
838,2,2,2,FALSE,0.679050325099188,0.571183515164366
839,2,2,2,FALSE,0.752924963367164,0.711417257660347
840,2,2,2,FALSE,0.65166397174053,0.580799337034174
841,2,2,2,FALSE,0.712572047100926,0.666018748351099
842,2,2,2,FALSE,0.735043387682839,0.684288287611299
843,5,5,5,FALSE,0.660323862584554,0.606727669209011
844,5,5,5,FALSE,0.735788254261283,0.671222644133564
845,2,2,2,FALSE,0.62103649882617,0.589985577551732
846,2,2,2,FALSE,0.765236010805909,0.723223807067905
847,5,5,5,FALSE,0.777024207667954,0.714897539546189
848,5,5,5,FALSE,0.75256579873143,0.656621401706327
849,5,5,5,FALSE,0.787526403816471,0.705568997416963
850,5,5,5,FALSE,0.554766284678019,0.526000852706155
851,1,1,1,FALSE,0.700760815783423,0.691500113083176
852,1,1,1,FALSE,0.496851532933789,0.477273184217903
853,2,2,2,FALSE,0.643811254365414,0.545145884929891
854,2,2,2,FALSE,0.668718175201801,0.62109199338505
855,3,3,3,FALSE,0.576523481145912,0.466192133024896
856,3,3,3,FALSE,0.518655479940315,0.303675815403452
857,3,3,3,FALSE,0.523070529899236,0.286432865566477
858,2,2,2,FALSE,0.775562280879873,0.715937618506167
859,2,2,2,FALSE,0.656604239861998,0.613112895483977
860,2,2,2,FALSE,0.745815222172279,0.698039965470582
861,2,2,2,FALSE,0.603287778132823,0.557382083218173
862,5,5,5,FALSE,0.783597304355103,0.66293462179814
863,5,5,5,FALSE,0.701086811140208,0.656288992330009
864,5,5,5,FALSE,0.787247025671595,0.727276292035736
865,2,2,2,FALSE,0.646488046728942,0.590486044972154
866,5,5,5,FALSE,0.787637394414495,0.700134000076291
867,5,5,5,FALSE,0.704294372282903,0.647141883048331
868,5,5,5,FALSE,0.712841977224651,0.652058886548281
869,5,5,5,FALSE,0.672927794413974,0.622732128948261
870,2,2,2,FALSE,0.705890868798451,0.660896532908019
871,2,2,2,FALSE,-0.128373319978173,-0.0866420903730838
872,2,2,2,FALSE,0.740571754960705,0.667583828136106
873,2,2,2,FALSE,0.648924562963593,0.589419009118152
874,2,2,2,FALSE,0.749400470263366,0.683888504519692
875,5,5,5,FALSE,0.707523505291031,0.644610301357545
876,5,5,5,FALSE,0.746260262255575,0.684272479884407
877,2,2,2,FALSE,0.59608449889034,0.549768641170814
878,2,2,2,FALSE,0.664387743043109,0.616941088540161
879,5,5,5,FALSE,0.711902600611045,0.650925479921954
880,5,5,5,FALSE,0.66711438638692,0.581748237252795
881,5,5,5,FALSE,0.789507617999966,0.706680280994213
882,2,2,2,FALSE,0.673845087177654,0.570579045686505
883,2,2,2,FALSE,0.655901456101048,0.624951685717873
884,5,5,5,FALSE,0.791846431012925,0.672325754717696
885,5,5,5,FALSE,0.705836335688397,0.659146702146724
886,2,2,2,FALSE,0.772548006602745,0.646458688627996
887,2,2,2,FALSE,0.663225640297355,0.563484234940983
888,2,2,2,FALSE,0.770553407144229,0.647550278214963
889,5,5,5,FALSE,0.673624379267924,0.632722540169365
890,2,2,2,FALSE,0.673481516303431,0.636752441760358
891,2,2,2,FALSE,0.671204175659659,0.635731190983369
892,2,2,2,FALSE,0.566175551495643,0.51893646987573
893,5,5,5,FALSE,0.681205631897642,0.619673124877272
894,5,5,5,FALSE,0.706113538305862,0.643085723632781
895,5,5,5,FALSE,0.709846056329137,0.64683497079784
896,5,5,5,FALSE,0.721902377345744,0.662006722613968
897,7,7,7,FALSE,0.684243703823055,0.643250719109709
898,7,7,7,FALSE,0.682118503852641,0.636194872744011
899,8,8,8,FALSE,0.754905004535095,0.686015672014028
