"id","cluster_C2","UREH_predicha","funcion","condicion"
1,1,"aporte_conservada","aporte","conservada"
2,2,"transferencia_conservada","transferencia","conservada"
3,2,"aporte_conservada","aporte","conservada"
4,2,"transferencia_conservada","transferencia","conservada"
5,2,"aporte_conservada","aporte","conservada"
6,2,"aporte_conservada","aporte","conservada"
7,3,"aporte_conservada","aporte","conservada"
8,2,"aporte_conservada","aporte","conservada"
9,2,"aporte_conservada","aporte","conservada"
10,2,"aporte_conservada","aporte","conservada"
11,2,"aporte_conservada","aporte","conservada"
12,3,"aporte_conservada","aporte","conservada"
13,2,"aporte_conservada","aporte","conservada"
14,2,"aporte_conservada","aporte","conservada"
15,2,"transferencia_conservada","transferencia","conservada"
16,2,"aporte_conservada","aporte","conservada"
17,3,"aporte_conservada","aporte","conservada"
18,2,"aporte_conservada","aporte","conservada"
19,2,"transferencia_conservada","transferencia","conservada"
20,3,"aporte_conservada","aporte","conservada"
21,3,"transferencia_conservada","transferencia","conservada"
22,3,"transferencia_conservada","transferencia","conservada"
23,2,"aporte_conservada","aporte","conservada"
24,3,"aporte_conservada","aporte","conservada"
25,2,"receptora_conservada","recepcion","conservada"
26,4,"receptora_conservada","recepcion","conservada"
27,2,"aporte_conservada","aporte","conservada"
28,4,"receptora_conservada","recepcion","conservada"
29,3,"aporte_conservada","aporte","conservada"
30,2,"transferencia_conservada","transferencia","conservada"
31,2,"receptora_conservada","recepcion","conservada"
32,2,"transferencia_conservada","transferencia","conservada"
33,2,"transferencia_conservada","transferencia","conservada"
34,5,"receptora_degradada","recepcion","degradada"
35,5,"receptora_degradada","recepcion","degradada"
36,5,"receptora_degradada","recepcion","degradada"
37,2,"aporte_conservada","aporte","conservada"
38,2,"aporte_conservada","aporte","conservada"
39,5,"receptora_degradada","recepcion","degradada"
40,2,"transferencia_conservada","transferencia","conservada"
41,5,"transferencia_degradada","transferencia","degradada"
42,6,"transferencia_conservada","transferencia","conservada"
43,2,"receptora_conservada","recepcion","conservada"
44,2,"aporte_conservada","aporte","conservada"
45,2,"receptora_conservada","recepcion","conservada"
46,5,"transferencia_degradada","transferencia","degradada"
47,4,"transferencia_conservada","transferencia","conservada"
48,5,"receptora_degradada","recepcion","degradada"
49,6,"aporte_degradada","aporte","degradada"
50,2,"transferencia_conservada","transferencia","conservada"
51,2,"aporte_conservada","aporte","conservada"
52,2,"receptora_conservada","recepcion","conservada"
53,5,"aporte_degradada","aporte","degradada"
54,2,"transferencia_conservada","transferencia","conservada"
55,5,"transferencia_degradada","transferencia","degradada"
56,2,"transferencia_conservada","transferencia","conservada"
57,5,"transferencia_degradada","transferencia","degradada"
58,7,"aporte_conservada","aporte","conservada"
59,2,"aporte_conservada","aporte","conservada"
60,2,"receptora_conservada","recepcion","conservada"
61,5,"transferencia_degradada","transferencia","degradada"
62,5,"receptora_degradada","recepcion","degradada"
63,5,"aporte_degradada","aporte","degradada"
64,5,"transferencia_degradada","transferencia","degradada"
65,2,"receptora_conservada","recepcion","conservada"
66,5,"aporte_degradada","aporte","degradada"
67,5,"aporte_degradada","aporte","degradada"
68,5,"aporte_degradada","aporte","degradada"
69,2,"receptora_conservada","recepcion","conservada"
70,2,"aporte_conservada","aporte","conservada"
71,5,"aporte_degradada","aporte","degradada"
72,2,"aporte_conservada","aporte","conservada"
73,5,"aporte_degradada","aporte","degradada"
74,2,"receptora_conservada","recepcion","conservada"
75,2,"receptora_conservada","recepcion","conservada"
76,5,"aporte_degradada","aporte","degradada"
77,2,"receptora_conservada","recepcion","conservada"
78,2,"transferencia_conservada","transferencia","conservada"
79,3,"receptora_conservada","recepcion","conservada"
80,5,"receptora_degradada","recepcion","degradada"
81,2,"transferencia_conservada","transferencia","conservada"
82,2,"receptora_conservada","recepcion","conservada"
83,2,"aporte_conservada","aporte","conservada"
84,6,"aporte_degradada","aporte","degradada"
85,5,"receptora_degradada","recepcion","degradada"
86,2,"receptora_conservada","recepcion","conservada"
87,2,"receptora_conservada","recepcion","conservada"
88,5,"aporte_degradada","aporte","degradada"
89,8,"receptora_degradada","recepcion","degradada"
90,3,"aporte_conservada","aporte","conservada"
91,3,"aporte_conservada","aporte","conservada"
92,2,"receptora_conservada","recepcion","conservada"
93,5,"aporte_degradada","aporte","degradada"
94,4,"receptora_conservada","recepcion","conservada"
95,4,"receptora_conservada","recepcion","conservada"
96,3,"aporte_conservada","aporte","conservada"
97,3,"receptora_conservada","recepcion","conservada"
98,2,"aporte_conservada","aporte","conservada"
99,2,"aporte_conservada","aporte","conservada"
100,3,"receptora_conservada","recepcion","conservada"
101,3,"aporte_conservada","aporte","conservada"
102,8,"receptora_degradada","recepcion","degradada"
103,2,"transferencia_conservada","transferencia","conservada"
104,7,"aporte_conservada","aporte","conservada"
105,5,"aporte_degradada","aporte","degradada"
106,2,"receptora_conservada","recepcion","conservada"
107,2,"aporte_conservada","aporte","conservada"
108,3,"aporte_conservada","aporte","conservada"
109,2,"aporte_conservada","aporte","conservada"
110,2,"aporte_conservada","aporte","conservada"
111,3,"aporte_conservada","aporte","conservada"
112,3,"aporte_conservada","aporte","conservada"
113,2,"aporte_conservada","aporte","conservada"
114,2,"aporte_conservada","aporte","conservada"
115,2,"aporte_conservada","aporte","conservada"
116,3,"receptora_conservada","recepcion","conservada"
117,3,"aporte_conservada","aporte","conservada"
118,9,"receptora_degradada","recepcion","degradada"
119,2,"aporte_conservada","aporte","conservada"
120,2,"aporte_conservada","aporte","conservada"
121,3,"aporte_conservada","aporte","conservada"
122,5,"aporte_degradada","aporte","degradada"
123,7,"transferencia_conservada","transferencia","conservada"
124,7,"aporte_conservada","aporte","conservada"
125,7,"transferencia_conservada","transferencia","conservada"
126,7,"transferencia_conservada","transferencia","conservada"
127,7,"aporte_conservada","aporte","conservada"
128,7,"aporte_conservada","aporte","conservada"
129,7,"aporte_conservada","aporte","conservada"
130,7,"aporte_conservada","aporte","conservada"
131,7,"transferencia_conservada","transferencia","conservada"
132,7,"aporte_conservada","aporte","conservada"
133,7,"transferencia_conservada","transferencia","conservada"
134,7,"aporte_conservada","aporte","conservada"
135,7,"transferencia_conservada","transferencia","conservada"
136,10,"aporte_conservada","aporte","conservada"
137,7,"transferencia_conservada","transferencia","conservada"
138,7,"aporte_conservada","aporte","conservada"
139,7,"aporte_conservada","aporte","conservada"
140,10,"aporte_conservada","aporte","conservada"
141,10,"aporte_conservada","aporte","conservada"
142,4,"transferencia_conservada","transferencia","conservada"
143,7,"transferencia_conservada","transferencia","conservada"
144,10,"aporte_conservada","aporte","conservada"
145,10,"transferencia_conservada","transferencia","conservada"
146,11,"transferencia_degradada","transferencia","degradada"
147,4,"transferencia_conservada","transferencia","conservada"
148,10,"aporte_conservada","aporte","conservada"
149,10,"aporte_conservada","aporte","conservada"
150,10,"aporte_conservada","aporte","conservada"
151,11,"transferencia_degradada","transferencia","degradada"
152,7,"aporte_conservada","aporte","conservada"
153,2,"transferencia_conservada","transferencia","conservada"
154,11,"transferencia_degradada","transferencia","degradada"
155,9,"transferencia_degradada","transferencia","degradada"
156,4,"transferencia_conservada","transferencia","conservada"
157,2,"transferencia_conservada","transferencia","conservada"
158,2,"transferencia_conservada","transferencia","conservada"
159,2,"transferencia_conservada","transferencia","conservada"
160,11,"transferencia_degradada","transferencia","degradada"
161,11,"aporte_degradada","aporte","degradada"
162,7,"aporte_conservada","aporte","conservada"
163,11,"aporte_degradada","aporte","degradada"
164,11,"transferencia_degradada","transferencia","degradada"
165,11,"transferencia_degradada","transferencia","degradada"
166,1,"aporte_conservada","aporte","conservada"
167,4,"transferencia_conservada","transferencia","conservada"
168,2,"aporte_conservada","aporte","conservada"
169,11,"aporte_degradada","aporte","degradada"
170,11,"receptora_degradada","recepcion","degradada"
171,4,"transferencia_conservada","transferencia","conservada"
172,5,"aporte_degradada","aporte","degradada"
173,11,"transferencia_degradada","transferencia","degradada"
174,6,"transferencia_degradada","transferencia","degradada"
175,2,"transferencia_conservada","transferencia","conservada"
176,11,"transferencia_degradada","transferencia","degradada"
177,4,"receptora_conservada","recepcion","conservada"
178,5,"transferencia_degradada","transferencia","degradada"
179,11,"aporte_degradada","aporte","degradada"
180,4,"transferencia_conservada","transferencia","conservada"
181,8,"receptora_degradada","recepcion","degradada"
182,8,"transferencia_degradada","transferencia","degradada"
183,2,"aporte_conservada","aporte","conservada"
184,2,"transferencia_conservada","transferencia","conservada"
185,2,"aporte_conservada","aporte","conservada"
186,2,"transferencia_conservada","transferencia","conservada"
187,8,"transferencia_degradada","transferencia","degradada"
188,8,"aporte_degradada","aporte","degradada"
189,2,"aporte_conservada","aporte","conservada"
190,8,"transferencia_degradada","transferencia","degradada"
191,2,"aporte_conservada","aporte","conservada"
192,9,"transferencia_degradada","transferencia","degradada"
193,5,"receptora_degradada","recepcion","degradada"
194,2,"aporte_conservada","aporte","conservada"
195,2,"aporte_conservada","aporte","conservada"
196,5,"aporte_degradada","aporte","degradada"
197,8,"transferencia_degradada","transferencia","degradada"
198,2,"aporte_conservada","aporte","conservada"
199,2,"transferencia_conservada","transferencia","conservada"
200,10,"transferencia_conservada","transferencia","conservada"
201,10,"transferencia_conservada","transferencia","conservada"
202,5,"transferencia_degradada","transferencia","degradada"
203,2,"transferencia_conservada","transferencia","conservada"
204,10,"transferencia_conservada","transferencia","conservada"
205,10,"aporte_conservada","aporte","conservada"
206,2,"aporte_conservada","aporte","conservada"
207,1,"aporte_conservada","aporte","conservada"
208,10,"aporte_conservada","aporte","conservada"
209,10,"aporte_conservada","aporte","conservada"
210,2,"transferencia_conservada","transferencia","conservada"
211,2,"transferencia_conservada","transferencia","conservada"
212,8,"transferencia_degradada","transferencia","degradada"
213,5,"transferencia_degradada","transferencia","degradada"
214,10,"aporte_conservada","aporte","conservada"
215,5,"receptora_degradada","recepcion","degradada"
216,4,"transferencia_conservada","transferencia","conservada"
217,2,"transferencia_conservada","transferencia","conservada"
218,8,"transferencia_degradada","transferencia","degradada"
219,12,"transferencia_conservada","transferencia","conservada"
220,11,"transferencia_degradada","transferencia","degradada"
221,12,"aporte_degradada","aporte","degradada"
222,12,"transferencia_conservada","transferencia","conservada"
223,5,"aporte_degradada","aporte","degradada"
224,10,"aporte_conservada","aporte","conservada"
225,12,"aporte_degradada","aporte","degradada"
226,10,"transferencia_conservada","transferencia","conservada"
227,4,"transferencia_conservada","transferencia","conservada"
228,1,"aporte_conservada","aporte","conservada"
229,12,"transferencia_conservada","transferencia","conservada"
230,2,"transferencia_conservada","transferencia","conservada"
231,2,"receptora_conservada","recepcion","conservada"
232,12,"transferencia_conservada","transferencia","conservada"
233,5,"transferencia_degradada","transferencia","degradada"
234,12,"transferencia_conservada","transferencia","conservada"
235,12,"receptora_conservada","recepcion","conservada"
236,10,"aporte_conservada","aporte","conservada"
237,4,"receptora_conservada","recepcion","conservada"
238,5,"transferencia_degradada","transferencia","degradada"
239,2,"receptora_conservada","recepcion","conservada"
240,12,"receptora_conservada","recepcion","conservada"
241,12,"aporte_degradada","aporte","degradada"
242,2,"aporte_conservada","aporte","conservada"
243,8,"aporte_degradada","aporte","degradada"
244,12,"receptora_degradada","recepcion","degradada"
245,10,"aporte_conservada","aporte","conservada"
246,5,"aporte_degradada","aporte","degradada"
247,2,"aporte_conservada","aporte","conservada"
248,12,"receptora_degradada","recepcion","degradada"
249,5,"receptora_degradada","recepcion","degradada"
250,4,"aporte_conservada","aporte","conservada"
251,10,"transferencia_conservada","transferencia","conservada"
252,9,"receptora_degradada","recepcion","degradada"
253,10,"transferencia_conservada","transferencia","conservada"
254,4,"transferencia_conservada","transferencia","conservada"
255,6,"receptora_degradada","recepcion","degradada"
256,2,"transferencia_conservada","transferencia","conservada"
257,5,"transferencia_degradada","transferencia","degradada"
258,10,"aporte_conservada","aporte","conservada"
259,4,"transferencia_conservada","transferencia","conservada"
260,10,"transferencia_conservada","transferencia","conservada"
261,2,"aporte_conservada","aporte","conservada"
262,4,"transferencia_conservada","transferencia","conservada"
263,4,"transferencia_conservada","transferencia","conservada"
264,12,"aporte_conservada","aporte","conservada"
265,8,"aporte_degradada","aporte","degradada"
266,8,"aporte_degradada","aporte","degradada"
267,4,"transferencia_conservada","transferencia","conservada"
268,5,"transferencia_degradada","transferencia","degradada"
269,4,"transferencia_conservada","transferencia","conservada"
270,2,"aporte_conservada","aporte","conservada"
271,10,"aporte_conservada","aporte","conservada"
272,5,"transferencia_degradada","transferencia","degradada"
273,4,"aporte_conservada","aporte","conservada"
274,8,"transferencia_degradada","transferencia","degradada"
275,2,"transferencia_conservada","transferencia","conservada"
276,4,"transferencia_conservada","transferencia","conservada"
277,5,"transferencia_degradada","transferencia","degradada"
278,12,"receptora_conservada","recepcion","conservada"
279,2,"transferencia_conservada","transferencia","conservada"
280,4,"transferencia_conservada","transferencia","conservada"
281,4,"aporte_conservada","aporte","conservada"
282,2,"aporte_conservada","aporte","conservada"
283,4,"transferencia_conservada","transferencia","conservada"
284,5,"aporte_degradada","aporte","degradada"
285,2,"transferencia_conservada","transferencia","conservada"
286,5,"aporte_degradada","aporte","degradada"
287,4,"transferencia_conservada","transferencia","conservada"
288,4,"transferencia_conservada","transferencia","conservada"
289,10,"aporte_conservada","aporte","conservada"
290,5,"transferencia_degradada","transferencia","degradada"
291,4,"aporte_conservada","aporte","conservada"
292,4,"aporte_conservada","aporte","conservada"
293,2,"receptora_conservada","recepcion","conservada"
294,4,"aporte_conservada","aporte","conservada"
295,4,"transferencia_conservada","transferencia","conservada"
296,4,"aporte_conservada","aporte","conservada"
297,2,"transferencia_conservada","transferencia","conservada"
298,4,"receptora_conservada","recepcion","conservada"
299,1,"aporte_conservada","aporte","conservada"
300,2,"aporte_conservada","aporte","conservada"
301,5,"transferencia_degradada","transferencia","degradada"
302,4,"aporte_conservada","aporte","conservada"
303,5,"transferencia_degradada","transferencia","degradada"
304,5,"transferencia_degradada","transferencia","degradada"
305,2,"aporte_conservada","aporte","conservada"
306,2,"aporte_conservada","aporte","conservada"
307,3,"aporte_conservada","aporte","conservada"
308,7,"receptora_conservada","recepcion","conservada"
309,12,"receptora_conservada","recepcion","conservada"
310,4,"aporte_conservada","aporte","conservada"
311,2,"aporte_conservada","aporte","conservada"
312,9,"aporte_conservada","aporte","conservada"
313,9,"aporte_degradada","aporte","degradada"
314,5,"aporte_degradada","aporte","degradada"
315,3,"aporte_conservada","aporte","conservada"
316,3,"aporte_conservada","aporte","conservada"
317,5,"aporte_degradada","aporte","degradada"
318,9,"receptora_degradada","recepcion","degradada"
319,9,"receptora_degradada","recepcion","degradada"
320,3,"aporte_conservada","aporte","conservada"
321,9,"receptora_degradada","recepcion","degradada"
322,8,"aporte_degradada","aporte","degradada"
323,9,"receptora_degradada","recepcion","degradada"
324,5,"aporte_degradada","aporte","degradada"
325,9,"aporte_degradada","aporte","degradada"
326,9,"receptora_degradada","recepcion","degradada"
327,5,"aporte_degradada","aporte","degradada"
328,6,"aporte_conservada","aporte","conservada"
329,8,"aporte_degradada","aporte","degradada"
330,3,"aporte_conservada","aporte","conservada"
331,9,"receptora_conservada","recepcion","conservada"
332,6,"aporte_conservada","aporte","conservada"
333,3,"aporte_conservada","aporte","conservada"
334,3,"aporte_conservada","aporte","conservada"
335,2,"aporte_conservada","aporte","conservada"
336,3,"aporte_conservada","aporte","conservada"
337,8,"aporte_degradada","aporte","degradada"
338,3,"aporte_conservada","aporte","conservada"
339,7,"aporte_degradada","aporte","degradada"
340,9,"aporte_degradada","aporte","degradada"
341,8,"receptora_degradada","recepcion","degradada"
342,2,"transferencia_conservada","transferencia","conservada"
343,5,"aporte_degradada","aporte","degradada"
344,5,"aporte_degradada","aporte","degradada"
345,2,"transferencia_conservada","transferencia","conservada"
346,8,"receptora_degradada","recepcion","degradada"
347,5,"receptora_degradada","recepcion","degradada"
348,2,"transferencia_conservada","transferencia","conservada"
349,5,"receptora_degradada","recepcion","degradada"
350,5,"receptora_degradada","recepcion","degradada"
351,8,"receptora_degradada","recepcion","degradada"
352,8,"receptora_degradada","recepcion","degradada"
353,8,"receptora_degradada","recepcion","degradada"
354,8,"receptora_degradada","recepcion","degradada"
355,12,"receptora_conservada","recepcion","conservada"
356,12,"receptora_conservada","recepcion","conservada"
357,8,"aporte_degradada","aporte","degradada"
358,8,"receptora_degradada","recepcion","degradada"
359,8,"receptora_degradada","recepcion","degradada"
360,8,"receptora_degradada","recepcion","degradada"
361,8,"aporte_degradada","aporte","degradada"
362,12,"aporte_conservada","aporte","conservada"
363,8,"aporte_degradada","aporte","degradada"
364,12,"aporte_conservada","aporte","conservada"
365,12,"receptora_conservada","recepcion","conservada"
366,12,"aporte_conservada","aporte","conservada"
367,2,"aporte_conservada","aporte","conservada"
368,5,"transferencia_degradada","transferencia","degradada"
369,8,"transferencia_degradada","transferencia","degradada"
370,2,"transferencia_conservada","transferencia","conservada"
371,5,"transferencia_degradada","transferencia","degradada"
372,1,"aporte_conservada","aporte","conservada"
373,2,"transferencia_conservada","transferencia","conservada"
374,2,"aporte_conservada","aporte","conservada"
375,2,"aporte_conservada","aporte","conservada"
376,8,"receptora_degradada","recepcion","degradada"
377,4,"transferencia_conservada","transferencia","conservada"
378,8,"transferencia_degradada","transferencia","degradada"
379,4,"transferencia_conservada","transferencia","conservada"
380,6,"transferencia_degradada","transferencia","degradada"
381,8,"receptora_degradada","recepcion","degradada"
382,5,"aporte_degradada","aporte","degradada"
383,8,"transferencia_degradada","transferencia","degradada"
384,5,"transferencia_degradada","transferencia","degradada"
385,4,"aporte_conservada","aporte","conservada"
386,6,"transferencia_degradada","transferencia","degradada"
387,2,"transferencia_conservada","transferencia","conservada"
388,6,"transferencia_degradada","transferencia","degradada"
389,2,"receptora_conservada","recepcion","conservada"
390,5,"aporte_degradada","aporte","degradada"
391,2,"aporte_conservada","aporte","conservada"
392,8,"receptora_degradada","recepcion","degradada"
393,6,"transferencia_degradada","transferencia","degradada"
394,5,"transferencia_degradada","transferencia","degradada"
395,6,"transferencia_degradada","transferencia","degradada"
396,9,"receptora_degradada","recepcion","degradada"
397,5,"aporte_degradada","aporte","degradada"
398,5,"receptora_degradada","recepcion","degradada"
399,6,"transferencia_degradada","transferencia","degradada"
400,5,"receptora_degradada","recepcion","degradada"
401,5,"receptora_degradada","recepcion","degradada"
402,6,"transferencia_degradada","transferencia","degradada"
403,2,"aporte_conservada","aporte","conservada"
404,2,"transferencia_conservada","transferencia","conservada"
405,2,"aporte_conservada","aporte","conservada"
406,2,"aporte_conservada","aporte","conservada"
407,1,"aporte_conservada","aporte","conservada"
408,2,"transferencia_conservada","transferencia","conservada"
409,1,"aporte_conservada","aporte","conservada"
410,1,"aporte_conservada","aporte","conservada"
411,2,"transferencia_conservada","transferencia","conservada"
412,2,"transferencia_conservada","transferencia","conservada"
413,1,"aporte_conservada","aporte","conservada"
414,1,"transferencia_conservada","transferencia","conservada"
415,1,"transferencia_conservada","transferencia","conservada"
416,1,"aporte_conservada","aporte","conservada"
417,10,"aporte_conservada","aporte","conservada"
418,1,"aporte_conservada","aporte","conservada"
419,2,"aporte_conservada","aporte","conservada"
420,2,"aporte_conservada","aporte","conservada"
421,10,"aporte_conservada","aporte","conservada"
422,10,"aporte_conservada","aporte","conservada"
423,1,"aporte_conservada","aporte","conservada"
424,2,"transferencia_conservada","transferencia","conservada"
425,2,"aporte_conservada","aporte","conservada"
426,5,"aporte_degradada","aporte","degradada"
427,4,"transferencia_conservada","transferencia","conservada"
428,5,"transferencia_degradada","transferencia","degradada"
429,2,"transferencia_conservada","transferencia","conservada"
430,5,"transferencia_degradada","transferencia","degradada"
431,4,"aporte_conservada","aporte","conservada"
432,5,"transferencia_degradada","transferencia","degradada"
433,4,"aporte_conservada","aporte","conservada"
434,5,"transferencia_degradada","transferencia","degradada"
435,5,"aporte_degradada","aporte","degradada"
436,2,"aporte_conservada","aporte","conservada"
437,5,"transferencia_degradada","transferencia","degradada"
438,2,"aporte_conservada","aporte","conservada"
439,5,"aporte_degradada","aporte","degradada"
440,2,"aporte_conservada","aporte","conservada"
441,2,"aporte_conservada","aporte","conservada"
442,5,"transferencia_degradada","transferencia","degradada"
443,5,"aporte_degradada","aporte","degradada"
444,2,"transferencia_conservada","transferencia","conservada"
445,5,"transferencia_degradada","transferencia","degradada"
446,4,"transferencia_conservada","transferencia","conservada"
447,5,"receptora_degradada","recepcion","degradada"
448,2,"aporte_conservada","aporte","conservada"
449,2,"transferencia_conservada","transferencia","conservada"
450,1,"transferencia_conservada","transferencia","conservada"
451,2,"transferencia_conservada","transferencia","conservada"
452,2,"aporte_conservada","aporte","conservada"
453,1,"transferencia_conservada","transferencia","conservada"
454,1,"transferencia_conservada","transferencia","conservada"
455,5,"transferencia_degradada","transferencia","degradada"
456,2,"aporte_conservada","aporte","conservada"
457,2,"transferencia_conservada","transferencia","conservada"
458,10,"aporte_conservada","aporte","conservada"
459,2,"transferencia_conservada","transferencia","conservada"
460,5,"transferencia_degradada","transferencia","degradada"
461,5,"transferencia_degradada","transferencia","degradada"
462,2,"aporte_conservada","aporte","conservada"
463,2,"transferencia_conservada","transferencia","conservada"
464,2,"transferencia_conservada","transferencia","conservada"
465,5,"transferencia_degradada","transferencia","degradada"
466,12,"aporte_conservada","aporte","conservada"
467,5,"aporte_degradada","aporte","degradada"
468,8,"transferencia_degradada","transferencia","degradada"
469,6,"transferencia_degradada","transferencia","degradada"
470,6,"transferencia_degradada","transferencia","degradada"
471,6,"transferencia_degradada","transferencia","degradada"
472,6,"transferencia_degradada","transferencia","degradada"
473,1,"aporte_conservada","aporte","conservada"
474,1,"transferencia_conservada","transferencia","conservada"
475,3,"aporte_conservada","aporte","conservada"
476,6,"aporte_conservada","aporte","conservada"
477,3,"aporte_conservada","aporte","conservada"
478,3,"aporte_conservada","aporte","conservada"
479,3,"aporte_conservada","aporte","conservada"
480,6,"aporte_conservada","aporte","conservada"
481,7,"aporte_conservada","aporte","conservada"
482,5,"aporte_degradada","aporte","degradada"
483,2,"transferencia_conservada","transferencia","conservada"
484,10,"aporte_conservada","aporte","conservada"
485,11,"transferencia_conservada","transferencia","conservada"
486,6,"transferencia_degradada","transferencia","degradada"
487,6,"transferencia_degradada","transferencia","degradada"
488,2,"aporte_conservada","aporte","conservada"
489,3,"aporte_conservada","aporte","conservada"
490,4,"transferencia_conservada","transferencia","conservada"
491,2,"transferencia_conservada","transferencia","conservada"
492,2,"aporte_conservada","aporte","conservada"
493,2,"aporte_conservada","aporte","conservada"
494,1,"aporte_conservada","aporte","conservada"
495,2,"transferencia_conservada","transferencia","conservada"
496,9,"receptora_degradada","recepcion","degradada"
497,4,"receptora_conservada","recepcion","conservada"
498,1,"aporte_conservada","aporte","conservada"
499,2,"transferencia_conservada","transferencia","conservada"
500,2,"transferencia_conservada","transferencia","conservada"
501,11,"aporte_degradada","aporte","degradada"
502,5,"aporte_degradada","aporte","degradada"
503,2,"transferencia_conservada","transferencia","conservada"
504,4,"transferencia_conservada","transferencia","conservada"
505,7,"aporte_conservada","aporte","conservada"
506,1,"aporte_conservada","aporte","conservada"
507,10,"aporte_conservada","aporte","conservada"
508,2,"transferencia_conservada","transferencia","conservada"
509,8,"aporte_degradada","aporte","degradada"
510,8,"receptora_degradada","recepcion","degradada"
511,8,"transferencia_degradada","transferencia","degradada"
512,9,"transferencia_degradada","transferencia","degradada"
513,5,"receptora_degradada","recepcion","degradada"
514,4,"receptora_conservada","recepcion","conservada"
515,5,"transferencia_degradada","transferencia","degradada"
516,10,"aporte_conservada","aporte","conservada"
517,10,"aporte_conservada","aporte","conservada"
518,11,"aporte_degradada","aporte","degradada"
519,8,"transferencia_degradada","transferencia","degradada"
520,8,"transferencia_degradada","transferencia","degradada"
521,10,"transferencia_conservada","transferencia","conservada"
522,2,"transferencia_conservada","transferencia","conservada"
523,10,"aporte_conservada","aporte","conservada"
524,9,"transferencia_degradada","transferencia","degradada"
525,12,"aporte_conservada","aporte","conservada"
526,5,"receptora_degradada","recepcion","degradada"
527,11,"transferencia_conservada","transferencia","conservada"
528,12,"aporte_conservada","aporte","conservada"
529,11,"aporte_degradada","aporte","degradada"
530,6,"aporte_degradada","aporte","degradada"
531,5,"aporte_degradada","aporte","degradada"
532,5,"transferencia_degradada","transferencia","degradada"
533,5,"transferencia_degradada","transferencia","degradada"
534,2,"aporte_conservada","aporte","conservada"
535,5,"aporte_degradada","aporte","degradada"
536,5,"aporte_degradada","aporte","degradada"
537,5,"transferencia_degradada","transferencia","degradada"
538,8,"receptora_degradada","recepcion","degradada"
539,5,"transferencia_degradada","transferencia","degradada"
540,2,"aporte_conservada","aporte","conservada"
541,6,"aporte_degradada","aporte","degradada"
542,6,"transferencia_degradada","transferencia","degradada"
543,8,"aporte_degradada","aporte","degradada"
544,6,"transferencia_degradada","transferencia","degradada"
545,9,"receptora_degradada","recepcion","degradada"
546,9,"receptora_degradada","recepcion","degradada"
547,8,"receptora_degradada","recepcion","degradada"
548,9,"receptora_degradada","recepcion","degradada"
549,6,"transferencia_degradada","transferencia","degradada"
550,12,"transferencia_degradada","transferencia","degradada"
551,10,"transferencia_conservada","transferencia","conservada"
552,1,"aporte_conservada","aporte","conservada"
553,12,"aporte_conservada","aporte","conservada"
554,8,"transferencia_degradada","transferencia","degradada"
555,2,"aporte_conservada","aporte","conservada"
556,10,"aporte_conservada","aporte","conservada"
557,2,"transferencia_conservada","transferencia","conservada"
558,12,"receptora_degradada","recepcion","degradada"
559,5,"aporte_degradada","aporte","degradada"
560,4,"aporte_conservada","aporte","conservada"
561,4,"aporte_conservada","aporte","conservada"
562,6,"transferencia_degradada","transferencia","degradada"
563,5,"transferencia_degradada","transferencia","degradada"
564,2,"transferencia_conservada","transferencia","conservada"
565,5,"transferencia_degradada","transferencia","degradada"
566,2,"aporte_conservada","aporte","conservada"
567,4,"transferencia_conservada","transferencia","conservada"
568,5,"aporte_degradada","aporte","degradada"
569,2,"aporte_conservada","aporte","conservada"
570,2,"transferencia_conservada","transferencia","conservada"
571,5,"receptora_degradada","recepcion","degradada"
572,2,"transferencia_conservada","transferencia","conservada"
573,5,"aporte_degradada","aporte","degradada"
574,5,"aporte_degradada","aporte","degradada"
575,5,"aporte_degradada","aporte","degradada"
576,5,"aporte_degradada","aporte","degradada"
577,3,"receptora_conservada","recepcion","conservada"
578,2,"receptora_conservada","recepcion","conservada"
579,5,"receptora_degradada","recepcion","degradada"
580,3,"aporte_conservada","aporte","conservada"
581,2,"transferencia_conservada","transferencia","conservada"
582,2,"aporte_conservada","aporte","conservada"
583,2,"aporte_conservada","aporte","conservada"
584,2,"receptora_conservada","recepcion","conservada"
585,2,"receptora_conservada","recepcion","conservada"
586,2,"aporte_conservada","aporte","conservada"
587,5,"aporte_degradada","aporte","degradada"
588,3,"receptora_conservada","recepcion","conservada"
589,5,"receptora_degradada","recepcion","degradada"
590,2,"aporte_conservada","aporte","conservada"
591,2,"aporte_conservada","aporte","conservada"
592,2,"aporte_conservada","aporte","conservada"
593,2,"transferencia_conservada","transferencia","conservada"
594,2,"receptora_conservada","recepcion","conservada"
595,3,"aporte_conservada","aporte","conservada"
596,9,"receptora_degradada","recepcion","degradada"
597,2,"aporte_conservada","aporte","conservada"
598,5,"aporte_degradada","aporte","degradada"
599,2,"aporte_conservada","aporte","conservada"
600,2,"aporte_conservada","aporte","conservada"
601,2,"aporte_conservada","aporte","conservada"
602,3,"aporte_conservada","aporte","conservada"
603,2,"aporte_conservada","aporte","conservada"
604,5,"aporte_degradada","aporte","degradada"
605,9,"aporte_degradada","aporte","degradada"
606,3,"aporte_conservada","aporte","conservada"
607,3,"aporte_conservada","aporte","conservada"
608,7,"aporte_conservada","aporte","conservada"
609,2,"aporte_conservada","aporte","conservada"
610,6,"aporte_conservada","aporte","conservada"
611,3,"aporte_conservada","aporte","conservada"
612,3,"aporte_conservada","aporte","conservada"
613,3,"aporte_conservada","aporte","conservada"
614,5,"transferencia_degradada","transferencia","degradada"
615,10,"aporte_conservada","aporte","conservada"
616,10,"aporte_conservada","aporte","conservada"
617,10,"transferencia_conservada","transferencia","conservada"
618,7,"aporte_conservada","aporte","conservada"
619,2,"transferencia_conservada","transferencia","conservada"
620,2,"transferencia_conservada","transferencia","conservada"
621,4,"aporte_conservada","aporte","conservada"
622,4,"receptora_conservada","recepcion","conservada"
623,8,"aporte_degradada","aporte","degradada"
624,6,"receptora_degradada","recepcion","degradada"
625,6,"receptora_degradada","recepcion","degradada"
626,2,"aporte_conservada","aporte","conservada"
627,5,"aporte_degradada","aporte","degradada"
628,5,"transferencia_degradada","transferencia","degradada"
629,2,"receptora_conservada","recepcion","conservada"
630,4,"receptora_conservada","recepcion","conservada"
631,2,"transferencia_conservada","transferencia","conservada"
632,11,"transferencia_degradada","transferencia","degradada"
633,8,"receptora_degradada","recepcion","degradada"
634,11,"aporte_degradada","aporte","degradada"
635,8,"aporte_degradada","aporte","degradada"
636,8,"aporte_degradada","aporte","degradada"
637,5,"aporte_degradada","aporte","degradada"
638,8,"transferencia_degradada","transferencia","degradada"
639,5,"aporte_degradada","aporte","degradada"
640,2,"aporte_conservada","aporte","conservada"
641,4,"transferencia_conservada","transferencia","conservada"
642,2,"receptora_conservada","recepcion","conservada"
643,4,"receptora_conservada","recepcion","conservada"
644,2,"transferencia_conservada","transferencia","conservada"
645,5,"aporte_degradada","aporte","degradada"
646,5,"receptora_degradada","recepcion","degradada"
647,5,"receptora_degradada","recepcion","degradada"
648,12,"transferencia_conservada","transferencia","conservada"
649,12,"transferencia_degradada","transferencia","degradada"
650,8,"receptora_degradada","recepcion","degradada"
651,12,"receptora_conservada","recepcion","conservada"
652,4,"receptora_conservada","recepcion","conservada"
653,4,"transferencia_conservada","transferencia","conservada"
654,4,"receptora_conservada","recepcion","conservada"
655,12,"aporte_conservada","aporte","conservada"
656,4,"aporte_conservada","aporte","conservada"
657,4,"receptora_conservada","recepcion","conservada"
658,12,"aporte_conservada","aporte","conservada"
659,4,"aporte_conservada","aporte","conservada"
660,5,"transferencia_degradada","transferencia","degradada"
661,12,"aporte_conservada","aporte","conservada"
662,5,"transferencia_degradada","transferencia","degradada"
663,2,"aporte_conservada","aporte","conservada"
664,2,"receptora_conservada","recepcion","conservada"
665,2,"receptora_conservada","recepcion","conservada"
666,4,"aporte_conservada","aporte","conservada"
667,12,"receptora_conservada","recepcion","conservada"
668,11,"receptora_degradada","recepcion","degradada"
669,4,"aporte_conservada","aporte","conservada"
670,8,"transferencia_degradada","transferencia","degradada"
671,8,"aporte_degradada","aporte","degradada"
672,2,"transferencia_conservada","transferencia","conservada"
673,4,"aporte_conservada","aporte","conservada"
674,5,"transferencia_degradada","transferencia","degradada"
675,8,"transferencia_degradada","transferencia","degradada"
676,2,"aporte_conservada","aporte","conservada"
677,4,"transferencia_conservada","transferencia","conservada"
678,2,"aporte_conservada","aporte","conservada"
679,8,"transferencia_degradada","transferencia","degradada"
680,6,"transferencia_degradada","transferencia","degradada"
681,5,"transferencia_degradada","transferencia","degradada"
682,6,"transferencia_degradada","transferencia","degradada"
683,8,"transferencia_degradada","transferencia","degradada"
684,8,"transferencia_degradada","transferencia","degradada"
685,5,"aporte_degradada","aporte","degradada"
686,8,"transferencia_degradada","transferencia","degradada"
687,8,"aporte_degradada","aporte","degradada"
688,8,"transferencia_degradada","transferencia","degradada"
689,5,"aporte_degradada","aporte","degradada"
690,2,"transferencia_conservada","transferencia","conservada"
691,2,"aporte_conservada","aporte","conservada"
692,2,"transferencia_conservada","transferencia","conservada"
693,2,"aporte_conservada","aporte","conservada"
694,2,"aporte_conservada","aporte","conservada"
695,2,"aporte_conservada","aporte","conservada"
696,4,"receptora_conservada","recepcion","conservada"
697,4,"receptora_conservada","recepcion","conservada"
698,5,"aporte_degradada","aporte","degradada"
699,4,"receptora_conservada","recepcion","conservada"
700,2,"aporte_conservada","aporte","conservada"
701,3,"receptora_conservada","recepcion","conservada"
702,2,"aporte_conservada","aporte","conservada"
703,4,"receptora_conservada","recepcion","conservada"
704,3,"aporte_conservada","aporte","conservada"
705,3,"aporte_conservada","aporte","conservada"
706,3,"aporte_conservada","aporte","conservada"
707,6,"aporte_degradada","aporte","degradada"
708,8,"aporte_degradada","aporte","degradada"
709,5,"aporte_degradada","aporte","degradada"
710,8,"aporte_degradada","aporte","degradada"
711,5,"aporte_degradada","aporte","degradada"
712,5,"aporte_degradada","aporte","degradada"
713,9,"receptora_degradada","recepcion","degradada"
714,7,"aporte_conservada","aporte","conservada"
715,7,"aporte_conservada","aporte","conservada"
716,7,"aporte_conservada","aporte","conservada"
717,7,"aporte_conservada","aporte","conservada"
718,7,"aporte_conservada","aporte","conservada"
719,7,"aporte_conservada","aporte","conservada"
720,7,"aporte_conservada","aporte","conservada"
721,7,"aporte_conservada","aporte","conservada"
722,7,"aporte_conservada","aporte","conservada"
723,7,"transferencia_conservada","transferencia","conservada"
724,7,"transferencia_conservada","transferencia","conservada"
725,7,"aporte_conservada","aporte","conservada"
726,7,"transferencia_conservada","transferencia","conservada"
727,7,"aporte_conservada","aporte","conservada"
728,7,"transferencia_conservada","transferencia","conservada"
729,7,"aporte_conservada","aporte","conservada"
730,10,"transferencia_conservada","transferencia","conservada"
731,2,"transferencia_conservada","transferencia","conservada"
732,2,"aporte_conservada","aporte","conservada"
733,4,"transferencia_conservada","transferencia","conservada"
734,11,"aporte_degradada","aporte","degradada"
735,11,"aporte_degradada","aporte","degradada"
736,11,"transferencia_degradada","transferencia","degradada"
737,11,"transferencia_degradada","transferencia","degradada"
738,1,"aporte_conservada","aporte","conservada"
739,1,"aporte_conservada","aporte","conservada"
740,2,"transferencia_conservada","transferencia","conservada"
741,2,"aporte_conservada","aporte","conservada"
742,11,"transferencia_degradada","transferencia","degradada"
743,8,"aporte_degradada","aporte","degradada"
744,11,"transferencia_degradada","transferencia","degradada"
745,11,"transferencia_degradada","transferencia","degradada"
746,11,"aporte_degradada","aporte","degradada"
747,2,"transferencia_conservada","transferencia","conservada"
748,12,"aporte_conservada","aporte","conservada"
749,11,"transferencia_conservada","transferencia","conservada"
750,12,"aporte_conservada","aporte","conservada"
751,12,"aporte_conservada","aporte","conservada"
752,4,"aporte_conservada","aporte","conservada"
753,2,"transferencia_conservada","transferencia","conservada"
754,2,"transferencia_conservada","transferencia","conservada"
755,2,"aporte_conservada","aporte","conservada"
756,2,"aporte_conservada","aporte","conservada"
757,2,"aporte_conservada","aporte","conservada"
758,2,"transferencia_conservada","transferencia","conservada"
759,11,"transferencia_conservada","transferencia","conservada"
760,11,"transferencia_conservada","transferencia","conservada"
761,5,"transferencia_degradada","transferencia","degradada"
762,10,"transferencia_conservada","transferencia","conservada"
763,10,"aporte_conservada","aporte","conservada"
764,10,"transferencia_conservada","transferencia","conservada"
765,10,"aporte_conservada","aporte","conservada"
766,10,"aporte_conservada","aporte","conservada"
767,5,"receptora_degradada","recepcion","degradada"
768,5,"aporte_degradada","aporte","degradada"
769,2,"aporte_conservada","aporte","conservada"
770,2,"aporte_conservada","aporte","conservada"
771,2,"aporte_conservada","aporte","conservada"
772,2,"transferencia_conservada","transferencia","conservada"
773,11,"transferencia_degradada","transferencia","degradada"
774,11,"aporte_degradada","aporte","degradada"
775,2,"transferencia_conservada","transferencia","conservada"
776,8,"aporte_degradada","aporte","degradada"
777,8,"aporte_degradada","aporte","degradada"
778,2,"transferencia_conservada","transferencia","conservada"
779,5,"transferencia_degradada","transferencia","degradada"
780,10,"transferencia_conservada","transferencia","conservada"
781,5,"aporte_degradada","aporte","degradada"
782,12,"aporte_degradada","aporte","degradada"
783,8,"aporte_degradada","aporte","degradada"
784,2,"aporte_conservada","aporte","conservada"
785,2,"aporte_conservada","aporte","conservada"
786,8,"receptora_degradada","recepcion","degradada"
787,8,"aporte_degradada","aporte","degradada"
788,8,"aporte_degradada","aporte","degradada"
789,8,"receptora_degradada","recepcion","degradada"
790,8,"receptora_degradada","recepcion","degradada"
791,8,"transferencia_degradada","transferencia","degradada"
792,8,"transferencia_degradada","transferencia","degradada"
793,12,"aporte_degradada","aporte","degradada"
794,12,"aporte_conservada","aporte","conservada"
795,12,"receptora_conservada","recepcion","conservada"
796,4,"transferencia_conservada","transferencia","conservada"
797,8,"transferencia_degradada","transferencia","degradada"
798,8,"aporte_degradada","aporte","degradada"
799,5,"transferencia_degradada","transferencia","degradada"
800,2,"transferencia_conservada","transferencia","conservada"
801,8,"aporte_degradada","aporte","degradada"
802,2,"aporte_conservada","aporte","conservada"
803,4,"transferencia_conservada","transferencia","conservada"
804,12,"receptora_conservada","recepcion","conservada"
805,12,"receptora_conservada","recepcion","conservada"
806,2,"receptora_conservada","recepcion","conservada"
807,2,"aporte_conservada","aporte","conservada"
808,4,"aporte_conservada","aporte","conservada"
809,4,"aporte_conservada","aporte","conservada"
810,4,"transferencia_conservada","transferencia","conservada"
811,2,"transferencia_conservada","transferencia","conservada"
812,2,"aporte_conservada","aporte","conservada"
813,1,"aporte_conservada","aporte","conservada"
814,10,"transferencia_conservada","transferencia","conservada"
815,1,"transferencia_conservada","transferencia","conservada"
816,1,"transferencia_conservada","transferencia","conservada"
817,2,"aporte_conservada","aporte","conservada"
818,2,"aporte_conservada","aporte","conservada"
819,7,"aporte_conservada","aporte","conservada"
820,3,"aporte_conservada","aporte","conservada"
821,3,"aporte_conservada","aporte","conservada"
822,2,"aporte_conservada","aporte","conservada"
823,2,"aporte_conservada","aporte","conservada"
824,2,"transferencia_conservada","transferencia","conservada"
825,5,"transferencia_degradada","transferencia","degradada"
826,5,"transferencia_degradada","transferencia","degradada"
827,5,"aporte_degradada","aporte","degradada"
828,2,"aporte_conservada","aporte","conservada"
829,4,"transferencia_conservada","transferencia","conservada"
830,5,"aporte_degradada","aporte","degradada"
831,2,"transferencia_conservada","transferencia","conservada"
832,3,"aporte_conservada","aporte","conservada"
833,3,"aporte_conservada","aporte","conservada"
834,5,"transferencia_degradada","transferencia","degradada"
835,9,"receptora_degradada","recepcion","degradada"
836,5,"aporte_degradada","aporte","degradada"
837,2,"aporte_conservada","aporte","conservada"
838,2,"receptora_conservada","recepcion","conservada"
839,2,"transferencia_conservada","transferencia","conservada"
840,2,"aporte_conservada","aporte","conservada"
841,2,"transferencia_conservada","transferencia","conservada"
842,2,"aporte_conservada","aporte","conservada"
843,5,"transferencia_degradada","transferencia","degradada"
844,5,"aporte_degradada","aporte","degradada"
845,2,"aporte_conservada","aporte","conservada"
846,2,"transferencia_conservada","transferencia","conservada"
847,5,"aporte_degradada","aporte","degradada"
848,5,"aporte_degradada","aporte","degradada"
849,5,"aporte_degradada","aporte","degradada"
850,5,"transferencia_degradada","transferencia","degradada"
851,1,"aporte_conservada","aporte","conservada"
852,1,"aporte_conservada","aporte","conservada"
853,2,"receptora_conservada","recepcion","conservada"
854,2,"aporte_conservada","aporte","conservada"
855,3,"aporte_conservada","aporte","conservada"
856,3,"receptora_conservada","recepcion","conservada"
857,3,"receptora_conservada","recepcion","conservada"
858,2,"aporte_conservada","aporte","conservada"
859,2,"aporte_conservada","aporte","conservada"
860,2,"transferencia_conservada","transferencia","conservada"
861,2,"transferencia_conservada","transferencia","conservada"
862,5,"receptora_degradada","recepcion","degradada"
863,5,"aporte_degradada","aporte","degradada"
864,5,"transferencia_degradada","transferencia","degradada"
865,2,"aporte_conservada","aporte","conservada"
866,5,"aporte_degradada","aporte","degradada"
867,5,"aporte_degradada","aporte","degradada"
868,5,"aporte_degradada","aporte","degradada"
869,5,"aporte_degradada","aporte","degradada"
870,2,"transferencia_conservada","transferencia","conservada"
871,2,"aporte_conservada","aporte","conservada"
872,2,"transferencia_conservada","transferencia","conservada"
873,2,"transferencia_conservada","transferencia","conservada"
874,2,"aporte_conservada","aporte","conservada"
875,5,"aporte_degradada","aporte","degradada"
876,5,"transferencia_degradada","transferencia","degradada"
877,2,"aporte_conservada","aporte","conservada"
878,2,"aporte_conservada","aporte","conservada"
879,5,"aporte_degradada","aporte","degradada"
880,5,"receptora_degradada","recepcion","degradada"
881,5,"aporte_degradada","aporte","degradada"
882,2,"receptora_conservada","recepcion","conservada"
883,2,"aporte_conservada","aporte","conservada"
884,5,"receptora_degradada","recepcion","degradada"
885,5,"aporte_degradada","aporte","degradada"
886,2,"receptora_conservada","recepcion","conservada"
887,2,"receptora_conservada","recepcion","conservada"
888,2,"receptora_conservada","recepcion","conservada"
889,5,"transferencia_degradada","transferencia","degradada"
890,2,"aporte_conservada","aporte","conservada"
891,2,"aporte_conservada","aporte","conservada"
892,2,"transferencia_conservada","transferencia","conservada"
893,5,"transferencia_degradada","transferencia","degradada"
894,5,"transferencia_degradada","transferencia","degradada"
895,5,"transferencia_degradada","transferencia","degradada"
896,5,"transferencia_degradada","transferencia","degradada"
897,7,"aporte_conservada","aporte","conservada"
898,7,"aporte_conservada","aporte","conservada"
899,8,"receptora_degradada","recepcion","degradada"
