"id","Esc_sum","Esc_cat","escorrentia","ev_esc_baja","ev_esc_media","ev_esc_alta","suma_evidencia","ev_esc_baja_aj","ev_esc_media_aj","ev_esc_alta_aj","suma_evidencia_aj"
1,278925.294158936,"Baja","esc_baja",0.964448138133935,0.0355518618660653,0,1,0.869780917413845,0.0802190825861555,0.05,1
2,413981.697758675,"Media","esc_media",0.225105803555709,0.774894196444291,0,1,0.241339933022353,0.708660066977647,0.05,1
3,396294.627174377,"Media","esc_media",0.321930535364798,0.678069464635202,0,1,0.323640955060078,0.626359044939922,0.05,1
4,59932.2142925262,"Baja","esc_baja",1,0,0,1,0.9,0.05,0.05,1
5,278576.94707489,"Baja","esc_baja",0.966355102479923,0.0336448975200772,0,1,0.871401837107934,0.0785981628920656,0.05,1
6,43854.02394104,"Baja","esc_baja",1,0,0,1,0.9,0.05,0.05,1
7,136303.726791382,"Baja","esc_baja",1,0,0,1,0.9,0.05,0.05,1
8,421037.319404602,"Media","esc_media",0.186481053891411,0.813518946108589,0,1,0.2085088958077,0.7414911041923,0.05,1
9,154605.357170105,"Baja","esc_baja",1,0,0,1,0.9,0.05,0.05,1
10,28717.4929504395,"Baja","esc_baja",1,0,0,1,0.9,0.05,0.05,1
11,294807.232063293,"Baja","esc_baja",0.87750528511207,0.12249471488793,0,1,0.79587949234526,0.15412050765474,0.05,1
12,21462.1640281677,"Baja","esc_baja",1,0,0,1,0.9,0.05,0.05,1
13,208010.589378357,"Baja","esc_baja",1,0,0,1,0.9,0.05,0.05,1
14,70712.2665040493,"Baja","esc_baja",1,0,0,1,0.9,0.05,0.05,1
15,203189.773427486,"Baja","esc_baja",1,0,0,1,0.9,0.05,0.05,1
16,301146.667434692,"Baja","esc_baja",0.842801170220276,0.157198829779724,0,1,0.766380994687235,0.183619005312765,0.05,1
17,262889.444847107,"Baja","esc_baja",1,0,0,1,0.9,0.05,0.05,1
18,128049.631569862,"Baja","esc_baja",1,0,0,1,0.9,0.05,0.05,1
19,10333.0123278894,"Baja","esc_baja",1,0,0,1,0.9,0.05,0.05,1
20,152417.655210495,"Baja","esc_baja",1,0,0,1,0.9,0.05,0.05,1
21,5628.35333397985,"Baja","esc_baja",1,0,0,1,0.9,0.05,0.05,1
22,9.9602233171463,"Baja","esc_baja",1,0,0,1,0.9,0.05,0.05,1
23,23892.6120757908,"Baja","esc_baja",1,0,0,1,0.9,0.05,0.05,1
24,57634.7419436574,"Baja","esc_baja",1,0,0,1,0.9,0.05,0.05,1
25,62325.8560886383,"Baja","esc_baja",1,0,0,1,0.9,0.05,0.05,1
26,0,"Baja","esc_baja",1,0,0,1,0.9,0.05,0.05,1
27,54009.7125658989,"Baja","esc_baja",1,0,0,1,0.9,0.05,0.05,1
28,247.136214017868,"Baja","esc_baja",1,0,0,1,0.9,0.05,0.05,1
29,0,"Baja","esc_baja",1,0,0,1,0.9,0.05,0.05,1
30,343476.678894043,"Baja","esc_baja",0.61107302804472,0.38892697195528,0,1,0.569412073838012,0.380587926161988,0.05,1
31,188261.695739746,"Baja","esc_baja",1,0,0,1,0.9,0.05,0.05,1
32,426688.848388672,"Media","esc_media",0.155542760543973,0.844457239456027,0,1,0.182211346462377,0.767788653537623,0.05,1
33,149033.658798218,"Baja","esc_baja",1,0,0,1,0.9,0.05,0.05,1
34,102322.899353027,"Baja","esc_baja",1,0,0,1,0.9,0.05,0.05,1
35,195648.416595459,"Baja","esc_baja",1,0,0,1,0.9,0.05,0.05,1
36,118217.180099487,"Baja","esc_baja",1,0,0,1,0.9,0.05,0.05,1
37,163232.627609253,"Baja","esc_baja",1,0,0,1,0.9,0.05,0.05,1
38,229841.582824707,"Baja","esc_baja",1,0,0,1,0.9,0.05,0.05,1
39,140653.900512695,"Baja","esc_baja",1,0,0,1,0.9,0.05,0.05,1
40,184930.229675293,"Baja","esc_baja",1,0,0,1,0.9,0.05,0.05,1
41,160458.200790405,"Baja","esc_baja",1,0,0,1,0.9,0.05,0.05,1
42,661285.774993896,"Media","esc_media",0,1,0,1,0.05,0.9,0.05,1
43,917076.077911377,"Media","esc_media",0,0.302395832144905,0.697604167855095,1,0.05,0.307036457323169,0.642963542676831,1
44,306124.840698242,"Baja","esc_baja",0.815549043371734,0.184450956628266,0,1,0.743216686865974,0.206783313134026,0.05,1
45,412701.909454346,"Media","esc_media",0.232111777707759,0.767888222292241,0,1,0.247295011051595,0.702704988948405,0.05,1
46,237403.430526733,"Baja","esc_baja",1,0,0,1,0.9,0.05,0.05,1
47,299923.868537903,"Baja","esc_baja",0.849495165965572,0.150504834034428,0,1,0.772070891070736,0.177929108929264,0.05,1
48,614805.662750244,"Media","esc_media",0,1,0,1,0.05,0.9,0.05,1
49,139926.771286011,"Baja","esc_baja",1,0,0,1,0.9,0.05,0.05,1
50,535977.88130188,"Media","esc_media",0,1,0,1,0.05,0.9,0.05,1
51,375242.301010132,"Media","esc_media",0.437177762150905,0.562822237849095,0,1,0.421601097828269,0.528398902171731,0.05,1
52,297176.278823852,"Baja","esc_baja",0.864536358678433,0.135463641321567,0,1,0.784855904876668,0.165144095123332,0.05,1
53,389113.359161377,"Media","esc_media",0.361243113787208,0.638756886212792,0,1,0.357056646719126,0.592943353280874,0.05,1
54,255451.586380005,"Baja","esc_baja",1,0,0,1,0.9,0.05,0.05,1
55,53291.1418151855,"Baja","esc_baja",1,0,0,1,0.9,0.05,0.05,1
56,232769.606082916,"Baja","esc_baja",1,0,0,1,0.9,0.05,0.05,1
57,205532.935455322,"Baja","esc_baja",1,0,0,1,0.9,0.05,0.05,1
58,139725.506118774,"Baja","esc_baja",1,0,0,1,0.9,0.05,0.05,1
59,489649.209564209,"Media","esc_media",0,1,0,1,0.05,0.9,0.05,1
60,123773.860923767,"Baja","esc_baja",1,0,0,1,0.9,0.05,0.05,1
61,489244.667785645,"Media","esc_media",0,1,0,1,0.05,0.9,0.05,1
62,408641.080047607,"Media","esc_media",0.254342068266955,0.745657931733045,0,1,0.266190758026912,0.683809241973088,0.05,1
63,885954.142944336,"Media","esc_media",0,0.3923041237828,0.6076958762172,1,0.05,0.38345850521538,0.56654149478462,1
64,57383.0619163513,"Baja","esc_baja",1,0,0,1,0.9,0.05,0.05,1
65,302369.151069641,"Baja","esc_baja",0.836108900320023,0.163891099679977,0,1,0.76069256527202,0.18930743472798,0.05,1
66,122114.519775391,"Baja","esc_baja",1,0,0,1,0.9,0.05,0.05,1
67,313597.676300049,"Baja","esc_baja",0.774640329882417,0.225359670117583,0,1,0.708444280400054,0.241555719599946,0.05,1
68,512933.956100464,"Media","esc_media",0,1,0,1,0.05,0.9,0.05,1
69,318371.411087036,"Baja","esc_baja",0.748507365224715,0.251492634775285,0,1,0.686231260441008,0.263768739558992,0.05,1
70,183044.312011719,"Baja","esc_baja",1,0,0,1,0.9,0.05,0.05,1
71,128232.284606934,"Baja","esc_baja",1,0,0,1,0.9,0.05,0.05,1
72,187527.51581192,"Baja","esc_baja",1,0,0,1,0.9,0.05,0.05,1
73,596912.359191895,"Media","esc_media",0,1,0,1,0.05,0.9,0.05,1
74,227150.175422668,"Baja","esc_baja",1,0,0,1,0.9,0.05,0.05,1
75,145940.927201509,"Baja","esc_baja",1,0,0,1,0.9,0.05,0.05,1
76,416783.654205322,"Media","esc_media",0.209766989805049,0.790233010194951,0,1,0.228301941334291,0.721698058665709,0.05,1
77,138221.269885063,"Baja","esc_baja",1,0,0,1,0.9,0.05,0.05,1
78,330856.349954605,"Baja","esc_baja",0.680160781105895,0.319839218894105,0,1,0.628136663940011,0.321863336059989,0.05,1
79,45167.0738082491,"Baja","esc_baja",1,0,0,1,0.9,0.05,0.05,1
80,22691.081584652,"Baja","esc_baja",1,0,0,1,0.9,0.05,0.05,1
81,200457.262451172,"Baja","esc_baja",1,0,0,1,0.9,0.05,0.05,1
82,26152.3647909164,"Baja","esc_baja",1,0,0,1,0.9,0.05,0.05,1
83,212584.537367821,"Baja","esc_baja",1,0,0,1,0.9,0.05,0.05,1
84,14658.1805725098,"Baja","esc_baja",1,0,0,1,0.9,0.05,0.05,1
85,10077.8498372249,"Baja","esc_baja",1,0,0,1,0.9,0.05,0.05,1
86,10760.4233211856,"Baja","esc_baja",1,0,0,1,0.9,0.05,0.05,1
87,165948.47287479,"Baja","esc_baja",1,0,0,1,0.9,0.05,0.05,1
88,218056.6043396,"Baja","esc_baja",1,0,0,1,0.9,0.05,0.05,1
89,36844.8753167391,"Baja","esc_baja",1,0,0,1,0.9,0.05,0.05,1
90,23364.9446516037,"Baja","esc_baja",1,0,0,1,0.9,0.05,0.05,1
91,5750.47785842419,"Baja","esc_baja",1,0,0,1,0.9,0.05,0.05,1
92,66390.8761445116,"Baja","esc_baja",1,0,0,1,0.9,0.05,0.05,1
93,350755.710006714,"Baja","esc_baja",0.571225262867593,0.428774737132407,0,1,0.535541473437454,0.414458526562546,0.05,1
94,13038.9886341095,"Baja","esc_baja",1,0,0,1,0.9,0.05,0.05,1
95,67224.1708431244,"Baja","esc_baja",1,0,0,1,0.9,0.05,0.05,1
96,50506.4282913208,"Baja","esc_baja",1,0,0,1,0.9,0.05,0.05,1
97,114740.938115248,"Baja","esc_baja",1,0,0,1,0.9,0.05,0.05,1
98,435524.22467041,"Media","esc_media",0.107175059695245,0.892824940304755,0,1,0.141098800740958,0.808901199259042,0.05,1
99,43423.2400806062,"Baja","esc_baja",1,0,0,1,0.9,0.05,0.05,1
100,93339.0564188957,"Baja","esc_baja",1,0,0,1,0.9,0.05,0.05,1
101,46981.9731445312,"Baja","esc_baja",1,0,0,1,0.9,0.05,0.05,1
102,7371.00266001746,"Baja","esc_baja",1,0,0,1,0.9,0.05,0.05,1
103,115332.528160691,"Baja","esc_baja",1,0,0,1,0.9,0.05,0.05,1
104,50529.5809631348,"Baja","esc_baja",1,0,0,1,0.9,0.05,0.05,1
105,52899.7359580994,"Baja","esc_baja",1,0,0,1,0.9,0.05,0.05,1
106,131145.517407358,"Baja","esc_baja",1,0,0,1,0.9,0.05,0.05,1
107,7343.10126876831,"Baja","esc_baja",1,0,0,1,0.9,0.05,0.05,1
108,124191.447761536,"Baja","esc_baja",1,0,0,1,0.9,0.05,0.05,1
109,68180.5756835938,"Baja","esc_baja",1,0,0,1,0.9,0.05,0.05,1
110,180549.514232635,"Baja","esc_baja",1,0,0,1,0.9,0.05,0.05,1
111,204335.25328064,"Baja","esc_baja",1,0,0,1,0.9,0.05,0.05,1
112,182485.248664856,"Baja","esc_baja",1,0,0,1,0.9,0.05,0.05,1
113,103992.189128876,"Baja","esc_baja",1,0,0,1,0.9,0.05,0.05,1
114,214094.940982819,"Baja","esc_baja",1,0,0,1,0.9,0.05,0.05,1
115,486788.275382996,"Media","esc_media",0,1,0,1,0.05,0.9,0.05,1
116,18351.6507027978,"Baja","esc_baja",1,0,0,1,0.9,0.05,0.05,1
117,28043.09472543,"Baja","esc_baja",1,0,0,1,0.9,0.05,0.05,1
118,1121.24885928631,"Baja","esc_baja",1,0,0,1,0.9,0.05,0.05,1
119,253140.405277252,"Baja","esc_baja",1,0,0,1,0.9,0.05,0.05,1
120,383825.182121277,"Media","esc_media",0.390192301343525,0.609807698656475,0,1,0.381663456141996,0.568336543858004,0.05,1
121,32567.5575818745,"Baja","esc_baja",1,0,0,1,0.9,0.05,0.05,1
122,547211.755092621,"Media","esc_media",0,1,0,1,0.05,0.9,0.05,1
123,244285.077362061,"Baja","esc_baja",1,0,0,1,0.9,0.05,0.05,1
124,436863.271865845,"Media","esc_media",0.0998446832510633,0.900155316748937,0,1,0.134867980763404,0.815132019236596,0.05,1
125,278230.353210449,"Baja","esc_baja",0.968252469136048,0.0317475308639521,0,1,0.873014598765641,0.0769854012343592,0.05,1
126,500547.102081299,"Media","esc_media",0,1,0,1,0.05,0.9,0.05,1
127,251731.125671387,"Baja","esc_baja",1,0,0,1,0.9,0.05,0.05,1
128,266389.818786621,"Baja","esc_baja",1,0,0,1,0.9,0.05,0.05,1
129,353626.207427979,"Baja","esc_baja",0.555511233704425,0.444488766295575,0,1,0.522184548648761,0.427815451351239,0.05,1
130,374334.278137207,"Media","esc_media",0.442148572366676,0.557851427633324,0,1,0.425826286511674,0.524173713488326,0.05,1
131,452661.916717529,"Media","esc_media",0.0133578032773182,0.986642196722682,0,1,0.0613541327857205,0.88864586721428,0.05,1
132,65928.863571167,"Baja","esc_baja",1,0,0,1,0.9,0.05,0.05,1
133,639626.402328491,"Media","esc_media",0,1,0,1,0.05,0.9,0.05,1
134,440394.552246094,"Media","esc_media",0.0805133149427441,0.919486685057256,0,1,0.118436317701333,0.831563682298668,0.05,1
135,600224.673339844,"Media","esc_media",0,1,0,1,0.05,0.9,0.05,1
136,363224.154998779,"Baja","esc_baja",0.50296897154568,0.49703102845432,0,1,0.477523625813828,0.472476374186172,0.05,1
137,820132.933258057,"Media","esc_media",0,0.58245529923832,0.41754470076168,1,0.05,0.545087004352572,0.404912995647428,1
138,701883.577636719,"Media","esc_media",0,0.924066370736789,0.0759336292632109,1,0.05,0.835456415126271,0.114543584873729,1
139,667165.600402832,"Media","esc_media",0,1,0,1,0.05,0.9,0.05,1
140,562132.051391602,"Media","esc_media",0,1,0,1,0.05,0.9,0.05,1
141,373084.138458252,"Media","esc_media",0.44899224037613,0.55100775962387,0,1,0.43164340431971,0.51835659568029,0.05,1
142,557069.45803833,"Media","esc_media",0,1,0,1,0.05,0.9,0.05,1
143,503262.35824585,"Media","esc_media",0,1,0,1,0.05,0.9,0.05,1
144,890927.020263672,"Media","esc_media",0,0.377937957129608,0.622062042870392,1,0.05,0.371247263560167,0.578752736439833,1
145,275308.373352051,"Baja","esc_baja",0.98424832977292,0.0157516702270805,0,1,0.886611080306982,0.0633889196930184,0.05,1
146,156046.308654785,"Baja","esc_baja",1,0,0,1,0.9,0.05,0.05,1
147,339568.173126221,"Baja","esc_baja",0.632469449851257,0.367530550148743,0,1,0.587599032373569,0.362400967626431,0.05,1
148,1204521.34146118,"Alta","esc_alta",0,0,1,1,0.05,0.05,0.9,1
149,414532.443634033,"Media","esc_media",0.22209084291413,0.77790915708587,0,1,0.23877721647701,0.71122278352299,0.05,1
150,1169397.54803467,"Alta","esc_alta",0,0,1,1,0.05,0.05,0.9,1
151,346392.824584961,"Baja","esc_baja",0.595109105523258,0.404890894476742,0,1,0.555842739694769,0.394157260305231,0.05,1
152,789951.270690918,"Media","esc_media",0,0.669647233900373,0.330352766099627,1,0.05,0.619200148815317,0.330799851184683,1
153,136006.993896484,"Baja","esc_baja",1,0,0,1,0.9,0.05,0.05,1
154,665201.625854492,"Media","esc_media",0,1,0,1,0.05,0.9,0.05,1
155,75814.2282409668,"Baja","esc_baja",1,0,0,1,0.9,0.05,0.05,1
156,507070.650512695,"Media","esc_media",0,1,0,1,0.05,0.9,0.05,1
157,638525.015533447,"Media","esc_media",0,1,0,1,0.05,0.9,0.05,1
158,363127.747344971,"Baja","esc_baja",0.503496738152356,0.496503261847644,0,1,0.477972227429503,0.472027772570497,0.05,1
159,423986.161376953,"Media","esc_media",0.170338141374641,0.829661858625359,0,1,0.194787420168445,0.755212579831555,0.05,1
160,947513.529449463,"Alta","esc_alta",0,0.214464947625716,0.785535052374284,1,0.05,0.232295205481859,0.717704794518141,1
161,389644.984222412,"Media","esc_media",0.358332826653317,0.641667173346683,0,1,0.354582902655319,0.595417097344681,0.05,1
162,960345.568359375,"Alta","esc_alta",0,0.177394415287576,0.822605584712424,1,0.05,0.20078525299444,0.74921474700556,1
163,803725.342468262,"Media","esc_media",0,0.629855258764179,0.370144741235821,1,0.05,0.585376969949552,0.364623030050448,1
164,359421.736694336,"Baja","esc_baja",0.523784636344379,0.476215363655621,0,1,0.495216940892722,0.454783059107278,0.05,1
165,289231.417297363,"Baja","esc_baja",0.908029094397233,0.0919709056027667,0,1,0.821824730237648,0.128175269762352,0.05,1
166,398981.469360352,"Media","esc_media",0.30722189422321,0.69277810577679,0,1,0.311138610089728,0.638861389910272,0.05,1
167,660849.337585449,"Media","esc_media",0,1,0,1,0.05,0.9,0.05,1
168,154531.74041748,"Baja","esc_baja",1,0,0,1,0.9,0.05,0.05,1
169,356295.597015381,"Baja","esc_baja",0.540898133719195,0.459101866280805,0,1,0.509763413661316,0.440236586338684,0.05,1
170,3946624.24389648,"Alta","esc_alta",0,0,1,1,0.05,0.05,0.9,1
171,266682.153594971,"Baja","esc_baja",1,0,0,1,0.9,0.05,0.05,1
172,227406.477813721,"Baja","esc_baja",1,0,0,1,0.9,0.05,0.05,1
173,286909.367401123,"Baja","esc_baja",0.920740744830198,0.0792592551698025,0,1,0.832629633105668,0.117370366894332,0.05,1
174,326143.017425537,"Baja","esc_baja",0.705963084312578,0.294036915687422,0,1,0.650068621665692,0.299931378334308,0.05,1
175,458425.995269775,"Media","esc_media",0,1,0,1,0.05,0.9,0.05,1
176,869790.157287598,"Media","esc_media",0,0.439000331393151,0.560999668606849,1,0.05,0.423150281684178,0.526849718315822,1
177,714870.276672363,"Media","esc_media",0,0.886549040096943,0.113450959903057,1,0.05,0.803566684082401,0.146433315917599,1
178,606285.870758057,"Media","esc_media",0,1,0,1,0.05,0.9,0.05,1
179,327444.996673584,"Baja","esc_baja",0.698835629773834,0.301164370226166,0,1,0.644010285307759,0.305989714692241,0.05,1
180,230108.99609375,"Baja","esc_baja",1,0,0,1,0.9,0.05,0.05,1
181,230100.466888428,"Baja","esc_baja",1,0,0,1,0.9,0.05,0.05,1
182,1199744.98693848,"Alta","esc_alta",0,0,1,1,0.05,0.05,0.9,1
183,301516.619293213,"Baja","esc_baja",0.840775934367179,0.159224065632821,0,1,0.764659544212102,0.185340455787898,0.05,1
184,540945.410339355,"Media","esc_media",0,1,0,1,0.05,0.9,0.05,1
185,593530.271881104,"Media","esc_media",0,1,0,1,0.05,0.9,0.05,1
186,93368.5971374512,"Baja","esc_baja",1,0,0,1,0.9,0.05,0.05,1
187,1689964.15060425,"Alta","esc_alta",0,0,1,1,0.05,0.05,0.9,1
188,417968.096099854,"Media","esc_media",0.203282972667506,0.796717027332494,0,1,0.22279052676738,0.72720947323262,0.05,1
189,784872.508178711,"Media","esc_media",0,0.684319292742174,0.315680707257826,1,0.05,0.631671398830848,0.318328601169152,1
190,306725.740081787,"Baja","esc_baja",0.812259526242332,0.187740473757668,0,1,0.740420597305982,0.209579402694018,0.05,1
191,552996.784210205,"Media","esc_media",0,1,0,1,0.05,0.9,0.05,1
192,1154038.16195679,"Alta","esc_alta",0,0,1,1,0.05,0.05,0.9,1
193,813731.251220703,"Media","esc_media",0,0.600949145980081,0.399050854019919,1,0.05,0.560806774083069,0.389193225916931,1
194,686224.718994141,"Media","esc_media",0,0.969303314745716,0.0306966852542842,1,0.05,0.873907817533858,0.0760921824661416,1
195,659591.707489014,"Media","esc_media",0,1,0,1,0.05,0.9,0.05,1
196,540099.659515381,"Media","esc_media",0,1,0,1,0.05,0.9,0.05,1
197,1455899.11395264,"Alta","esc_alta",0,0,1,1,0.05,0.05,0.9,1
198,1036619.26785278,"Alta","esc_alta",0,0,1,1,0.05,0.05,0.9,1
199,1622475.94549561,"Alta","esc_alta",0,0,1,1,0.05,0.05,0.9,1
200,476164.915222168,"Media","esc_media",0,1,0,1,0.05,0.9,0.05,1
201,347901.272674561,"Baja","esc_baja",0.58685137392054,0.41314862607946,0,1,0.548823667832459,0.401176332167541,0.05,1
202,1007802.26358032,"Alta","esc_alta",0,0.0402965645718642,0.959703435428136,1,0.05,0.0842520798860846,0.865747920113915,1
203,363505.088562012,"Baja","esc_baja",0.501431050566253,0.498568949433747,0,1,0.476216392981315,0.473783607018685,0.05,1
204,892901.461975098,"Media","esc_media",0,0.37223398398652,0.62776601601348,1,0.05,0.366398886388542,0.583601113611458,1
205,460043.144714355,"Media","esc_media",0,1,0,1,0.05,0.9,0.05,1
206,753279.859832764,"Media","esc_media",0,0.775587430282754,0.224412569717246,1,0.05,0.709249315740341,0.240750684259659,1
207,594974.286102295,"Media","esc_media",0,1,0,1,0.05,0.9,0.05,1
208,727539.617248535,"Media","esc_media",0,0.849948527674158,0.150051472325843,1,0.05,0.772456248523034,0.177543751476966,1
209,606734.77,"Media","esc_media",0,1,0,1,0.05,0.9,0.05,1
210,659944.402069092,"Media","esc_media",0,1,0,1,0.05,0.9,0.05,1
211,633565.492553711,"Media","esc_media",0,1,0,1,0.05,0.9,0.05,1
212,943212.07043457,"Alta","esc_alta",0,0.226891451054537,0.773108548945463,1,0.05,0.242857733396356,0.707142266603644,1
213,570784.822570801,"Media","esc_media",0,1,0,1,0.05,0.9,0.05,1
214,354445.518798828,"Baja","esc_baja",0.551026058877282,0.448973941122718,0,1,0.51837215004569,0.43162784995431,0.05,1
215,1214423.49908447,"Alta","esc_alta",0,0,1,1,0.05,0.05,0.9,1
216,226629.404144287,"Baja","esc_baja",1,0,0,1,0.9,0.05,0.05,1
217,472816.170623779,"Media","esc_media",0,1,0,1,0.05,0.9,0.05,1
218,309329.489349365,"Baja","esc_baja",0.798005762549255,0.201994237450745,0,1,0.728304898166867,0.221695101833133,0.05,1
219,332943.379394531,"Baja","esc_baja",0.66873570848941,0.33126429151059,0,1,0.618425352215998,0.331574647784002,0.05,1
220,370706.705932617,"Baja","esc_baja",0.462007073193791,0.537992926806209,0,1,0.442706012214722,0.507293987785278,0.05,1
221,685852.507019043,"Media","esc_media",0,0.97037859951974,0.02962140048026,1,0.05,0.874821809591779,0.075178190408221,1
222,352184.140686035,"Baja","esc_baja",0.563405572389515,0.436594427610485,0,1,0.528894736531087,0.421105263468913,0.05,1
223,264423.679016113,"Baja","esc_baja",1,0,0,1,0.9,0.05,0.05,1
224,1012278.46096802,"Alta","esc_alta",0,0.0273652587070997,0.9726347412929,1,0.05,0.0732604699010348,0.876739530098965,1
225,578506.020141602,"Media","esc_media",0,1,0,1,0.05,0.9,0.05,1
226,1059819.39367676,"Alta","esc_alta",0,0,1,1,0.05,0.05,0.9,1
227,329279.186126709,"Baja","esc_baja",0.688794684833887,0.311205315166113,0,1,0.635475482108804,0.314524517891196,0.05,1
228,1254560.35437012,"Alta","esc_alta",0,0,1,1,0.05,0.05,0.9,1
229,661355.270812988,"Media","esc_media",0,1,0,1,0.05,0.9,0.05,1
230,617212.220428467,"Media","esc_media",0,1,0,1,0.05,0.9,0.05,1
231,1900822.45581055,"Alta","esc_alta",0,0,1,1,0.05,0.05,0.9,1
232,1042823.23199463,"Alta","esc_alta",0,0,1,1,0.05,0.05,0.9,1
233,286364.985839844,"Baja","esc_baja",0.923720865162812,0.0762791348371881,0,1,0.83516273538839,0.11483726461161,0.05,1
234,441086.183959961,"Media","esc_media",0.0767270997587959,0.923272900241204,0,1,0.115218034794977,0.834781965205024,0.05,1
235,329451.888092041,"Baja","esc_baja",0.687849258546562,0.312150741453438,0,1,0.634671869764578,0.315328130235422,0.05,1
236,1091812.328125,"Alta","esc_alta",0,0,1,1,0.05,0.05,0.9,1
237,87916.757232666,"Baja","esc_baja",1,0,0,1,0.9,0.05,0.05,1
238,200045.817810059,"Baja","esc_baja",1,0,0,1,0.9,0.05,0.05,1
239,572205.777526855,"Media","esc_media",0,1,0,1,0.05,0.9,0.05,1
240,331947.260009766,"Baja","esc_baja",0.674188787438805,0.325811212561195,0,1,0.623060469322985,0.326939530677015,0.05,1
241,200273.403533936,"Baja","esc_baja",1,0,0,1,0.9,0.05,0.05,1
242,909779.511169434,"Media","esc_media",0,0.323474915154516,0.676525084845484,1,0.05,0.324953677881339,0.625046322118661,1
243,184148.442077637,"Baja","esc_baja",1,0,0,1,0.9,0.05,0.05,1
244,441266.527557373,"Media","esc_media",0.0757398407115908,0.924260159288409,0,1,0.114378864604852,0.835621135395148,0.05,1
245,1117533.80917358,"Alta","esc_alta",0,0,1,1,0.05,0.05,0.9,1
246,447980.85760498,"Media","esc_media",0.038983431387686,0.961016568612314,0,1,0.0831359166795331,0.866864083320467,0.05,1
247,451096.271179199,"Media","esc_media",0.0219286521713956,0.978071347828604,0,1,0.0686393543456863,0.881360645654314,0.05,1
248,342749.933502197,"Baja","esc_baja",0.615051466832738,0.384948533167262,0,1,0.572793746807827,0.377206253192173,0.05,1
249,321661.123535156,"Baja","esc_baja",0.730498417728287,0.269501582271713,0,1,0.670923655069044,0.279076344930956,0.05,1
250,600400.623779297,"Media","esc_media",0,1,0,1,0.05,0.9,0.05,1
251,704668.794189453,"Media","esc_media",0,0.916020146671251,0.0839798533287487,1,0.05,0.828617124670564,0.121382875329436,1
252,257357.163452148,"Baja","esc_baja",1,0,0,1,0.9,0.05,0.05,1
253,853000.087493896,"Media","esc_media",0,0.487505236156671,0.512494763843329,1,0.05,0.46437945073317,0.48562054926683,1
254,49310.5808105469,"Baja","esc_baja",1,0,0,1,0.9,0.05,0.05,1
255,358555.232330322,"Baja","esc_baja",0.528528160844787,0.471471839155213,0,1,0.499248936718069,0.450751063281931,0.05,1
256,908259.523406982,"Media","esc_media",0,0.327866014331906,0.672133985668094,1,0.05,0.32868611218212,0.62131388781788,1
257,435820.266113281,"Media","esc_media",0.105554433307525,0.894445566692475,0,1,0.139721268311397,0.810278731688603,0.05,1
258,1109512.83633423,"Alta","esc_alta",0,0,1,1,0.05,0.05,0.9,1
259,112750.685302734,"Baja","esc_baja",1,0,0,1,0.9,0.05,0.05,1
260,578242.598571777,"Media","esc_media",0,1,0,1,0.05,0.9,0.05,1
261,552217.510894775,"Media","esc_media",0,1,0,1,0.05,0.9,0.05,1
262,330247.411468506,"Baja","esc_baja",0.683494306876811,0.316505693123189,0,1,0.63097016084529,0.31902983915471,0.05,1
263,335976.590820312,"Baja","esc_baja",0.652130930359433,0.347869069640567,0,1,0.604311290805518,0.345688709194482,0.05,1
264,394905.422607422,"Media","esc_media",0.329535489445933,0.670464510554067,0,1,0.330105166029043,0.619894833970957,0.05,1
265,280980.319152832,"Baja","esc_baja",0.953198268182514,0.0468017318174859,0,1,0.860218527955137,0.089781472044863,0.05,1
266,273175.163330078,"Baja","esc_baja",0.995926209797516,0.00407379020248429,0,1,0.896537278327888,0.0534627216721117,0.05,1
267,673204.61340332,"Media","esc_media",0,1,0,1,0.05,0.9,0.05,1
268,416112.816101074,"Media","esc_media",0.213439374060064,0.786560625939936,0,1,0.231423467951055,0.718576532048945,0.05,1
269,297068.025695801,"Baja","esc_baja",0.865128971233524,0.134871028766476,0,1,0.785359625548495,0.164640374451505,0.05,1
270,530290.210968018,"Media","esc_media",0,1,0,1,0.05,0.9,0.05,1
271,1022647.54696655,"Alta","esc_alta",0,0,1,1,0.05,0.05,0.9,1
272,358365.52444458,"Baja","esc_baja",0.529566683028067,0.470433316971933,0,1,0.500131680573857,0.449868319426143,0.05,1
273,719158.426696777,"Media","esc_media",0,0.874160985067898,0.125839014932102,1,0.05,0.793036837307713,0.156963162692287,1
274,510638.448547363,"Media","esc_media",0,1,0,1,0.05,0.9,0.05,1
275,637714.049316406,"Media","esc_media",0,1,0,1,0.05,0.9,0.05,1
276,948202.347808838,"Alta","esc_alta",0,0.212475017307894,0.787524982692106,1,0.05,0.23060376471171,0.71939623528829,1
277,310543.002563477,"Baja","esc_baja",0.791362599627324,0.208637400372676,0,1,0.722658209683226,0.227341790316774,0.05,1
278,648683.367980957,"Media","esc_media",0,1,0,1,0.05,0.9,0.05,1
279,84606.6442565918,"Baja","esc_baja",1,0,0,1,0.9,0.05,0.05,1
280,744725.83996582,"Media","esc_media",0,0.800299175027676,0.199700824972324,1,0.05,0.730254298773524,0.219745701226476,1
281,572689.467285156,"Media","esc_media",0,1,0,1,0.05,0.9,0.05,1
282,335649.856292725,"Baja","esc_baja",0.653919580597221,0.346080419402779,0,1,0.605831643507638,0.344168356492362,0.05,1
283,321742.460144043,"Baja","esc_baja",0.730053154884776,0.269946845115224,0,1,0.67054518165206,0.27945481834794,0.05,1
284,557523.956481934,"Media","esc_media",0,1,0,1,0.05,0.9,0.05,1
285,234634.74911499,"Baja","esc_baja",1,0,0,1,0.9,0.05,0.05,1
286,187264.582183838,"Baja","esc_baja",1,0,0,1,0.9,0.05,0.05,1
287,300180.702911377,"Baja","esc_baja",0.848089171727439,0.151910828272561,0,1,0.770875795968323,0.179124204031677,0.05,1
288,263334.119262695,"Baja","esc_baja",1,0,0,1,0.9,0.05,0.05,1
289,725697.044433594,"Media","esc_media",0,0.855271544195631,0.144728455804369,1,0.05,0.776980812566286,0.173019187433714,1
290,458591.742858887,"Media","esc_media",0,1,0,1,0.05,0.9,0.05,1
291,473753.668518066,"Media","esc_media",0,1,0,1,0.05,0.9,0.05,1
292,686792.859771729,"Media","esc_media",0,0.967662010412394,0.032337989587606,1,0.05,0.872512708850535,0.0774872911494651,1
293,853182.001312256,"Media","esc_media",0,0.48697970454524,0.51302029545476,1,0.05,0.463932748863454,0.486067251136546,1
294,401896.626403809,"Media","esc_media",0.291263383876976,0.708736616123024,0,1,0.297573876295429,0.652426123704571,0.05,1
295,165591.803497314,"Baja","esc_baja",1,0,0,1,0.9,0.05,0.05,1
296,615081.962402344,"Media","esc_media",0,1,0,1,0.05,0.9,0.05,1
297,506837.154785156,"Media","esc_media",0,1,0,1,0.05,0.9,0.05,1
298,109420.562164307,"Baja","esc_baja",1,0,0,1,0.9,0.05,0.05,1
299,316110.787994385,"Baja","esc_baja",0.760882745513054,0.239117254486946,0,1,0.696750333686096,0.253249666313904,0.05,1
300,661690.182846069,"Media","esc_media",0,1,0,1,0.05,0.9,0.05,1
301,1435815.87423706,"Alta","esc_alta",0,0,1,1,0.05,0.05,0.9,1
302,885986.461608887,"Media","esc_media",0,0.392210758253926,0.607789241746074,1,0.05,0.383379144515837,0.566620855484163,1
303,996124.299346924,"Alta","esc_alta",0,0.0740330856186763,0.925966914381324,1,0.05,0.112928122775875,0.837071877224125,1
304,901980.680557251,"Media","esc_media",0,0.346004990416779,0.653995009583221,1,0.05,0.344104241854262,0.605895758145737,1
305,53798.0287356377,"Baja","esc_baja",1,0,0,1,0.9,0.05,0.05,1
306,10353.4895934798,"Baja","esc_baja",1,0,0,1,0.9,0.05,0.05,1
307,0.114654637873173,"Baja","esc_baja",1,0,0,1,0.9,0.05,0.05,1
308,5540.31120154262,"Baja","esc_baja",1,0,0,1,0.9,0.05,0.05,1
309,14114.9388797503,"Baja","esc_baja",1,0,0,1,0.9,0.05,0.05,1
310,838.56560860778,"Baja","esc_baja",1,0,0,1,0.9,0.05,0.05,1
311,53765.9037084281,"Baja","esc_baja",1,0,0,1,0.9,0.05,0.05,1
312,0,"Baja","esc_baja",1,0,0,1,0.9,0.05,0.05,1
313,0,"Baja","esc_baja",1,0,0,1,0.9,0.05,0.05,1
314,49095.0882148743,"Baja","esc_baja",1,0,0,1,0.9,0.05,0.05,1
315,0,"Baja","esc_baja",1,0,0,1,0.9,0.05,0.05,1
316,0,"Baja","esc_baja",1,0,0,1,0.9,0.05,0.05,1
317,156101.528963089,"Baja","esc_baja",1,0,0,1,0.9,0.05,0.05,1
318,130.182719991652,"Baja","esc_baja",1,0,0,1,0.9,0.05,0.05,1
319,0,"Baja","esc_baja",1,0,0,1,0.9,0.05,0.05,1
320,0,"Baja","esc_baja",1,0,0,1,0.9,0.05,0.05,1
321,0,"Baja","esc_baja",1,0,0,1,0.9,0.05,0.05,1
322,4.32343638502061,"Baja","esc_baja",1,0,0,1,0.9,0.05,0.05,1
323,0,"Baja","esc_baja",1,0,0,1,0.9,0.05,0.05,1
324,98927.9798750356,"Baja","esc_baja",1,0,0,1,0.9,0.05,0.05,1
325,0,"Baja","esc_baja",1,0,0,1,0.9,0.05,0.05,1
326,0,"Baja","esc_baja",1,0,0,1,0.9,0.05,0.05,1
327,15254.3805210497,"Baja","esc_baja",1,0,0,1,0.9,0.05,0.05,1
328,0,"Baja","esc_baja",1,0,0,1,0.9,0.05,0.05,1
329,0,"Baja","esc_baja",1,0,0,1,0.9,0.05,0.05,1
330,0,"Baja","esc_baja",1,0,0,1,0.9,0.05,0.05,1
331,0,"Baja","esc_baja",1,0,0,1,0.9,0.05,0.05,1
332,0,"Baja","esc_baja",1,0,0,1,0.9,0.05,0.05,1
333,0,"Baja","esc_baja",1,0,0,1,0.9,0.05,0.05,1
334,0,"Baja","esc_baja",1,0,0,1,0.9,0.05,0.05,1
335,21698.3747588312,"Baja","esc_baja",1,0,0,1,0.9,0.05,0.05,1
336,0,"Baja","esc_baja",1,0,0,1,0.9,0.05,0.05,1
337,0,"Baja","esc_baja",1,0,0,1,0.9,0.05,0.05,1
338,0,"Baja","esc_baja",1,0,0,1,0.9,0.05,0.05,1
339,0,"Baja","esc_baja",1,0,0,1,0.9,0.05,0.05,1
340,0,"Baja","esc_baja",1,0,0,1,0.9,0.05,0.05,1
341,1871677.88320923,"Alta","esc_alta",0,0,1,1,0.05,0.05,0.9,1
342,324607.21697998,"Baja","esc_baja",0.71437055153812,0.28562944846188,0,1,0.657214968807402,0.292785031192598,0.05,1
343,330251.887756348,"Baja","esc_baja",0.683469802232713,0.316530197767287,0,1,0.630949331897806,0.319050668102194,0.05,1
344,925391.327148438,"Media","esc_media",0,0.278373872898501,0.721626127101499,1,0.05,0.286617791963726,0.663382208036274,1
345,1045899.18148804,"Alta","esc_alta",0,0,1,1,0.05,0.05,0.9,1
346,1055823.72787476,"Alta","esc_alta",0,0,1,1,0.05,0.05,0.9,1
347,889347.304260254,"Media","esc_media",0,0.38250160547894,0.61749839452106,1,0.05,0.375126364657099,0.574873635342901,1
348,2028671.3336792,"Alta","esc_alta",0,0,1,1,0.05,0.05,0.9,1
349,1586113.21194458,"Alta","esc_alta",0,0,1,1,0.05,0.05,0.9,1
350,1388583.85446167,"Alta","esc_alta",0,0,1,1,0.05,0.05,0.9,1
351,104066.520782471,"Baja","esc_baja",1,0,0,1,0.9,0.05,0.05,1
352,267494.589263916,"Baja","esc_baja",1,0,0,1,0.9,0.05,0.05,1
353,274730.259338379,"Baja","esc_baja",0.987413112435039,0.0125868875649612,0,1,0.889301145569783,0.060698854430217,0.05,1
354,727420.216705322,"Media","esc_media",0,0.850293464416435,0.149706535583565,1,0.05,0.77274944475397,0.17725055524603,1
355,489443.497497559,"Media","esc_media",0,1,0,1,0.05,0.9,0.05,1
356,833573.223083496,"Media","esc_media",0,0.543627588217038,0.456372411782962,1,0.05,0.512083449984482,0.437916550015518,1
357,433875.827331543,"Media","esc_media",0.116198918648592,0.883801081351408,0,1,0.148769080851303,0.801230919148697,0.05,1
358,478880.210083008,"Media","esc_media",0,1,0,1,0.05,0.9,0.05,1
359,617897.662689209,"Media","esc_media",0,1,0,1,0.05,0.9,0.05,1
360,249578.906524658,"Baja","esc_baja",1,0,0,1,0.9,0.05,0.05,1
361,237403.617950439,"Baja","esc_baja",1,0,0,1,0.9,0.05,0.05,1
362,307387.094940186,"Baja","esc_baja",0.808639056335236,0.191360943664763,0,1,0.737343197884951,0.212656802115049,0.05,1
363,580124.589477539,"Media","esc_media",0,1,0,1,0.05,0.9,0.05,1
364,1313884.34246826,"Alta","esc_alta",0,0,1,1,0.05,0.05,0.9,1
365,562835.886871338,"Media","esc_media",0,1,0,1,0.05,0.9,0.05,1
366,537938.205810547,"Media","esc_media",0,1,0,1,0.05,0.9,0.05,1
367,970333.271850586,"Alta","esc_alta",0,0.148540895760862,0.851459104239138,1,0.05,0.176259761396733,0.773740238603267,1
368,417418.346710205,"Media","esc_media",0.206292478224759,0.793707521775241,0,1,0.225348606491045,0.724651393508955,0.05,1
369,331939.761291504,"Baja","esc_baja",0.674229837842328,0.325770162157672,0,1,0.623095362165979,0.326904637834021,0.05,1
370,1204255.69372559,"Alta","esc_alta",0,0,1,1,0.05,0.05,0.9,1
371,452200.948730469,"Media","esc_media",0.0158812907879796,0.98411870921202,0,1,0.0634990971697826,0.886500902830217,0.05,1
372,1065848.09979248,"Alta","esc_alta",0,0,1,1,0.05,0.05,0.9,1
373,750149.891296387,"Media","esc_media",0,0.784629609835024,0.215370390164977,1,0.05,0.71693516835977,0.23306483164023,1
374,658041.396118164,"Media","esc_media",0,1,0,1,0.05,0.9,0.05,1
375,936182.589569092,"Alta","esc_alta",0,0.247198948528126,0.752801051471874,1,0.05,0.260119106248907,0.689880893751093,1
376,410064.325164795,"Media","esc_media",0.246550765229319,0.75344923477068,0,1,0.259568150444922,0.690431849555078,0.05,1
377,180219.529815674,"Baja","esc_baja",1,0,0,1,0.9,0.05,0.05,1
378,285165.038452148,"Baja","esc_baja",0.930289764373393,0.0697102356266072,0,1,0.840746299717384,0.109253700282616,0.05,1
379,808931.030731201,"Media","esc_media",0,0.614816523575767,0.385183476424233,1,0.05,0.572594045039402,0.377405954960598,1
380,388425.609130859,"Media","esc_media",0.365008079383925,0.634991920616075,0,1,0.360256867476336,0.589743132523664,0.05,1
381,299624.957427979,"Baja","esc_baja",0.85113150183675,0.14886849816325,0,1,0.773461776561238,0.176538223438762,0.05,1
382,818521.108154297,"Media","esc_media",0,0.587111707705583,0.412888292294417,1,0.05,0.549044951549746,0.400955048450254,1
383,727849.990203857,"Media","esc_media",0,0.849051889910048,0.150948110089952,1,0.05,0.771694106423541,0.178305893576459,1
384,809217.932556152,"Media","esc_media",0,0.613987691661028,0.386012308338972,1,0.05,0.571889537911873,0.378110462088127,1
385,389324.474243164,"Media","esc_media",0.360087401704901,0.639912598295099,0,1,0.356074291449166,0.593925708550834,0.05,1
386,703120.123474121,"Media","esc_media",0,0.92049410815445,0.0795058918455504,1,0.05,0.832419991931282,0.117580008068718,1
387,655966.244445801,"Media","esc_media",0,1,0,1,0.05,0.9,0.05,1
388,531034.907714844,"Media","esc_media",0,1,0,1,0.05,0.9,0.05,1
389,302091.841796875,"Baja","esc_baja",0.837626980763914,0.162373019236086,0,1,0.761982933649327,0.188017066350673,0.05,1
390,1197617.06036377,"Alta","esc_alta",0,0,1,1,0.05,0.05,0.9,1
391,576450.699005127,"Media","esc_media",0,1,0,1,0.05,0.9,0.05,1
392,536264.371490479,"Media","esc_media",0,1,0,1,0.05,0.9,0.05,1
393,555342.873535156,"Media","esc_media",0,1,0,1,0.05,0.9,0.05,1
394,1201081.80255127,"Alta","esc_alta",0,0,1,1,0.05,0.05,0.9,1
395,639156.404846191,"Media","esc_media",0,1,0,1,0.05,0.9,0.05,1
396,356091.514312744,"Baja","esc_baja",0.542015348288759,0.457984651711241,0,1,0.510713046045446,0.439286953954554,0.05,1
397,543343.313354492,"Media","esc_media",0,1,0,1,0.05,0.9,0.05,1
398,1384482.01239014,"Alta","esc_alta",0,0,1,1,0.05,0.05,0.9,1
399,882419.54800415,"Media","esc_media",0,0.402515230291461,0.597484769708539,1,0.05,0.392137945747742,0.557862054252258,1
400,247331.021759033,"Baja","esc_baja",1,0,0,1,0.9,0.05,0.05,1
401,361752.880401611,"Baja","esc_baja",0.511023203455332,0.488976796544668,0,1,0.484369722937033,0.465630277062967,0.05,1
402,1819589.3453064,"Alta","esc_alta",0,0,1,1,0.05,0.05,0.9,1
403,526173.595916748,"Media","esc_media",0,1,0,1,0.05,0.9,0.05,1
404,430061.374908447,"Media","esc_media",0.13708046209608,0.86291953790392,0,1,0.166518392781668,0.783481607218332,0.05,1
405,344856.62298584,"Baja","esc_baja",0.603518768792857,0.396481231207143,0,1,0.562990953473928,0.387009046526072,0.05,1
406,638235.452819824,"Media","esc_media",0,1,0,1,0.05,0.9,0.05,1
407,278893.317138672,"Baja","esc_baja",0.964623190661506,0.0353768093384937,0,1,0.86992971206228,0.0800702879377197,0.05,1
408,720952.484375,"Media","esc_media",0,0.868978124133329,0.131021875866671,1,0.05,0.788631405513329,0.161368594486671,1
409,279374.953369141,"Baja","esc_baja",0.961986558517001,0.0380134414829994,0,1,0.867688574739451,0.0823114252605495,0.05,1
410,1015269.48883057,"Alta","esc_alta",0,0.0187244654643913,0.981275534535609,1,0.05,0.0659157956447326,0.884084204355267,1
411,320822.077728271,"Baja","esc_baja",0.735091625226385,0.264908374773615,0,1,0.674827881442427,0.275172118557573,0.05,1
412,1137830.78689575,"Alta","esc_alta",0,0,1,1,0.05,0.05,0.9,1
413,1122397.39529419,"Alta","esc_alta",0,0,1,1,0.05,0.05,0.9,1
414,231094.171447754,"Baja","esc_baja",1,0,0,1,0.9,0.05,0.05,1
415,991483.407287598,"Alta","esc_alta",0,0.0874401786278918,0.912559821372108,1,0.05,0.124324151833708,0.825675848166292,1
416,455751.283996582,"Media","esc_media",0,1,0,1,0.05,0.9,0.05,1
417,423059.903442383,"Media","esc_media",0.175408776202118,0.824591223797882,0,1,0.1990974597718,0.7509025402282,0.05,1
418,1293053.21121216,"Alta","esc_alta",0,0,1,1,0.05,0.05,0.9,1
419,335763.501800537,"Baja","esc_baja",0.653297448415255,0.346702551584745,0,1,0.605302831152967,0.344697168847033,0.05,1
420,365876.835540771,"Baja","esc_baja",0.488447342266857,0.511552657733143,0,1,0.465180240926828,0.484819759073172,0.05,1
421,366592.067443848,"Baja","esc_baja",0.484531932031642,0.515468067968358,0,1,0.461852142226895,0.488147857773105,0.05,1
422,459462.537872314,"Media","esc_media",0,1,0,1,0.05,0.9,0.05,1
423,1013367.6098938,"Alta","esc_alta",0,0.024218811696018,0.975781188303982,1,0.05,0.0705859899416153,0.879414010058385,1
424,259435.673583984,"Baja","esc_baja",1,0,0,1,0.9,0.05,0.05,1
425,362184.949798584,"Baja","esc_baja",0.508657916152077,0.491342083847923,0,1,0.482359228729265,0.467640771270735,0.05,1
426,331185.923309326,"Baja","esc_baja",0.678356590212316,0.321643409787684,0,1,0.626603101680469,0.323396898319531,0.05,1
427,506172.694656372,"Media","esc_media",0,1,0,1,0.05,0.9,0.05,1
428,271401.102294922,"Baja","esc_baja",1,0,0,1,0.9,0.05,0.05,1
429,1024422.92793274,"Alta","esc_alta",0,0,1,1,0.05,0.05,0.9,1
430,256675.263320923,"Baja","esc_baja",1,0,0,1,0.9,0.05,0.05,1
431,661318.796905518,"Media","esc_media",0,1,0,1,0.05,0.9,0.05,1
432,277451.300872803,"Baja","esc_baja",0.972517253024273,0.027482746975727,0,1,0.876639665070632,0.0733603349293679,0.05,1
433,91089.1295928955,"Baja","esc_baja",1,0,0,1,0.9,0.05,0.05,1
434,217406.632888794,"Baja","esc_baja",1,0,0,1,0.9,0.05,0.05,1
435,573880.728103638,"Media","esc_media",0,1,0,1,0.05,0.9,0.05,1
436,638990.331756592,"Media","esc_media",0,1,0,1,0.05,0.9,0.05,1
437,241058.407775879,"Baja","esc_baja",1,0,0,1,0.9,0.05,0.05,1
438,601757.3046875,"Media","esc_media",0,1,0,1,0.05,0.9,0.05,1
439,173350.974884033,"Baja","esc_baja",1,0,0,1,0.9,0.05,0.05,1
440,119945.203491211,"Baja","esc_baja",1,0,0,1,0.9,0.05,0.05,1
441,312261.365875244,"Baja","esc_baja",0.781955724361042,0.218044275638958,0,1,0.714662365706886,0.235337634293114,0.05,1
442,719222.03302002,"Media","esc_media",0,0.873977232487404,0.126022767512596,1,0.05,0.792880647614294,0.157119352385706,1
443,111647.508087158,"Baja","esc_baja",1,0,0,1,0.9,0.05,0.05,1
444,639402.324752808,"Media","esc_media",0,1,0,1,0.05,0.9,0.05,1
445,287897.642105103,"Baja","esc_baja",0.915330610194815,0.0846693898051853,0,1,0.828031018665592,0.121968981334408,0.05,1
446,210257.382659912,"Baja","esc_baja",1,0,0,1,0.9,0.05,0.05,1
447,916566.379577637,"Media","esc_media",0,0.303868301851103,0.696131698148897,1,0.05,0.308288056573438,0.641711943426562,1
448,551204.699005127,"Media","esc_media",0,1,0,1,0.05,0.9,0.05,1
449,123870.051620483,"Baja","esc_baja",1,0,0,1,0.9,0.05,0.05,1
450,545674.404541016,"Media","esc_media",0,1,0,1,0.05,0.9,0.05,1
451,598139.297729492,"Media","esc_media",0,1,0,1,0.05,0.9,0.05,1
452,565316.864440918,"Media","esc_media",0,1,0,1,0.05,0.9,0.05,1
453,1179038.35513306,"Alta","esc_alta",0,0,1,1,0.05,0.05,0.9,1
454,782949.250427246,"Media","esc_media",0,0.689875400323424,0.310124599676576,1,0.05,0.636394090274911,0.313605909725089,1
455,203609.860290527,"Baja","esc_baja",1,0,0,1,0.9,0.05,0.05,1
456,71453.3409118652,"Baja","esc_baja",1,0,0,1,0.9,0.05,0.05,1
457,581171.464355469,"Media","esc_media",0,1,0,1,0.05,0.9,0.05,1
458,744329.449493408,"Media","esc_media",0,0.80144430916647,0.19855569083353,1,0.05,0.7312276627915,0.2187723372085,1
459,530799.649108887,"Media","esc_media",0,1,0,1,0.05,0.9,0.05,1
460,227248.491836548,"Baja","esc_baja",1,0,0,1,0.9,0.05,0.05,1
461,183064.600280762,"Baja","esc_baja",1,0,0,1,0.9,0.05,0.05,1
462,265161.113372803,"Baja","esc_baja",1,0,0,1,0.9,0.05,0.05,1
463,646583.056213379,"Media","esc_media",0,1,0,1,0.05,0.9,0.05,1
464,335787.942779541,"Baja","esc_baja",0.653163650609341,0.346836349390659,0,1,0.60518910301794,0.34481089698206,0.05,1
465,322566.387268066,"Baja","esc_baja",0.725542711935305,0.274457288064696,0,1,0.666711305145009,0.283288694854991,0.05,1
466,964390.11227417,"Alta","esc_alta",0,0.165710114995233,0.834289885004767,1,0.05,0.190853597745948,0.759146402254052,1
467,984095.606414795,"Alta","esc_alta",0,0.108782828310121,0.891217171689879,1,0.05,0.142465404063603,0.807534595936397,1
468,92267.1819458008,"Baja","esc_baja",1,0,0,1,0.9,0.05,0.05,1
469,278035.929443359,"Baja","esc_baja",0.969316807575592,0.030683192424408,0,1,0.873919286439253,0.0760807135607468,0.05,1
470,1621010.03204346,"Alta","esc_alta",0,0,1,1,0.05,0.05,0.9,1
471,1914287.76757812,"Alta","esc_alta",0,0,1,1,0.05,0.05,0.9,1
472,497667.349822998,"Media","esc_media",0,1,0,1,0.05,0.9,0.05,1
473,181249.802398682,"Baja","esc_baja",1,0,0,1,0.9,0.05,0.05,1
474,1610455.23178101,"Alta","esc_alta",0,0,1,1,0.05,0.05,0.9,1
475,0,"Baja","esc_baja",1,0,0,1,0.9,0.05,0.05,1
476,0,"Baja","esc_baja",1,0,0,1,0.9,0.05,0.05,1
477,0,"Baja","esc_baja",1,0,0,1,0.9,0.05,0.05,1
478,0,"Baja","esc_baja",1,0,0,1,0.9,0.05,0.05,1
479,0,"Baja","esc_baja",1,0,0,1,0.9,0.05,0.05,1
480,0,"Baja","esc_baja",1,0,0,1,0.9,0.05,0.05,1
481,64084.1719970703,"Baja","esc_baja",1,0,0,1,0.9,0.05,0.05,1
482,694577.53326416,"Media","esc_media",0,0.945172833714206,0.0548271662857936,1,0.05,0.853396908657075,0.0966030913429246,1
483,1921978.4251709,"Alta","esc_alta",0,0,1,1,0.05,0.05,0.9,1
484,602611.198455811,"Media","esc_media",0,1,0,1,0.05,0.9,0.05,1
485,433995.752716064,"Media","esc_media",0.115542408395071,0.884457591604929,0,1,0.14821104713581,0.80178895286419,0.05,1
486,1036008.9385376,"Alta","esc_alta",0,0,1,1,0.05,0.05,0.9,1
487,1065209.33959961,"Alta","esc_alta",0,0,1,1,0.05,0.05,0.9,1
488,444200.299755096,"Media","esc_media",0.0596794250039906,0.940320574996009,0,1,0.100727511253392,0.849272488746608,0.05,1
489,134094.362281799,"Baja","esc_baja",1,0,0,1,0.9,0.05,0.05,1
490,128928.819442749,"Baja","esc_baja",1,0,0,1,0.9,0.05,0.05,1
491,381717.91506958,"Media","esc_media",0.401728161177308,0.598271838822692,0,1,0.391468937000712,0.558531062999288,0.05,1
492,300611.149627686,"Baja","esc_baja",0.84573276750176,0.15426723249824,0,1,0.768872852376496,0.181127147623504,0.05,1
493,605163.831695557,"Media","esc_media",0,1,0,1,0.05,0.9,0.05,1
494,343750.766693115,"Baja","esc_baja",0.609572582987365,0.390427417012635,0,1,0.56813669553926,0.38186330446074,0.05,1
495,536763.178527832,"Media","esc_media",0,1,0,1,0.05,0.9,0.05,1
496,131789.386901855,"Baja","esc_baja",1,0,0,1,0.9,0.05,0.05,1
497,81407.9797363281,"Baja","esc_baja",1,0,0,1,0.9,0.05,0.05,1
498,410497.540313721,"Media","esc_media",0.244179205710151,0.755820794289849,0,1,0.257552324853628,0.692447675146372,0.05,1
499,427783.98638916,"Media","esc_media",0.149547621739849,0.850452378260151,0,1,0.177115478478872,0.772884521521128,0.05,1
500,441956.004516602,"Media","esc_media",0.0719654213498474,0.928034578650153,0,1,0.11117060814737,0.83882939185263,0.05,1
501,684074.280548096,"Media","esc_media",0,0.975515725611592,0.0244842743884076,1,0.05,0.879188366769854,0.0708116332301464,1
502,293296.622650146,"Baja","esc_baja",0.88577484849732,0.11422515150268,0,1,0.802908621222722,0.147091378777278,0.05,1
503,272182.957489014,"Baja","esc_baja",1,0,0,1,0.9,0.05,0.05,1
504,652852.899841309,"Media","esc_media",0,1,0,1,0.05,0.9,0.05,1
505,331930.82989502,"Baja","esc_baja",0.674278731188749,0.325721268811251,0,1,0.623136921510437,0.326863078489563,0.05,1
506,632425.284423828,"Media","esc_media",0,1,0,1,0.05,0.9,0.05,1
507,189701.991882324,"Baja","esc_baja",1,0,0,1,0.9,0.05,0.05,1
508,180106.879364014,"Baja","esc_baja",1,0,0,1,0.9,0.05,0.05,1
509,330151.825500488,"Baja","esc_baja",0.684017575310323,0.315982424689677,0,1,0.631414939013775,0.318585060986225,0.05,1
510,735842.557647705,"Media","esc_media",0,0.825962127482421,0.174037872517579,1,0.05,0.752067808360058,0.197932191639942,1
511,654723.562194824,"Media","esc_media",0,1,0,1,0.05,0.9,0.05,1
512,691963.481018066,"Media","esc_media",0,0.952724580478905,0.0472754195210949,1,0.05,0.859815893407069,0.0901841065929307,1
513,279118.130249023,"Baja","esc_baja",0.963392491150632,0.0366075088493684,0,1,0.868883617478037,0.0811163825219631,0.05,1
514,228816.444671631,"Baja","esc_baja",1,0,0,1,0.9,0.05,0.05,1
515,141280.682281494,"Baja","esc_baja",1,0,0,1,0.9,0.05,0.05,1
516,253422.431762695,"Baja","esc_baja",1,0,0,1,0.9,0.05,0.05,1
517,952148.854797363,"Alta","esc_alta",0,0.201073936313056,0.798926063686944,1,0.05,0.220912845866098,0.729087154133902,1
518,508788.111053467,"Media","esc_media",0,1,0,1,0.05,0.9,0.05,1
519,357847.463867188,"Baja","esc_baja",0.53240271380138,0.46759728619862,0,1,0.502542306731173,0.447457693268827,0.05,1
520,483728.933532715,"Media","esc_media",0,1,0,1,0.05,0.9,0.05,1
521,1065362.2467041,"Alta","esc_alta",0,0,1,1,0.05,0.05,0.9,1
522,903254.697479248,"Media","esc_media",0,0.342324477457163,0.657675522542837,1,0.05,0.340975805838589,0.609024194161411,1
523,1121000.56726074,"Alta","esc_alta",0,0,1,1,0.05,0.05,0.9,1
524,216799.984588623,"Baja","esc_baja",1,0,0,1,0.9,0.05,0.05,1
525,506390.155334473,"Media","esc_media",0,1,0,1,0.05,0.9,0.05,1
526,389866.005157471,"Media","esc_media",0.357122886733685,0.642877113266315,0,1,0.353554453723632,0.596445546276368,0.05,1
527,268174.460357666,"Baja","esc_baja",1,0,0,1,0.9,0.05,0.05,1
528,141503.932250977,"Baja","esc_baja",1,0,0,1,0.9,0.05,0.05,1
529,318729.66708374,"Baja","esc_baja",0.746546156293336,0.253453843706664,0,1,0.684564232849336,0.265435767150664,0.05,1
530,190481.489807129,"Baja","esc_baja",1,0,0,1,0.9,0.05,0.05,1
531,641786.92855835,"Media","esc_media",0,1,0,1,0.05,0.9,0.05,1
532,1005547.94631958,"Alta","esc_alta",0,0.0468090713918164,0.953190928608184,1,0.05,0.089787710683044,0.860212289316956,1
533,2207800.8380127,"Alta","esc_alta",0,0,1,1,0.05,0.05,0.9,1
534,542943.453857422,"Media","esc_media",0,1,0,1,0.05,0.9,0.05,1
535,369762.08605957,"Baja","esc_baja",0.467178227197694,0.532821772802306,0,1,0.44710149311804,0.50289850688196,0.05,1
536,512392.514770508,"Media","esc_media",0,1,0,1,0.05,0.9,0.05,1
537,363135.745605469,"Baja","esc_baja",0.503452953093436,0.496547046906564,0,1,0.47793501012942,0.472064989870579,0.05,1
538,457337.098114014,"Media","esc_media",0,1,0,1,0.05,0.9,0.05,1
539,668665.914642334,"Media","esc_media",0,1,0,1,0.05,0.9,0.05,1
540,671980.806396484,"Media","esc_media",0,1,0,1,0.05,0.9,0.05,1
541,874109.290893555,"Media","esc_media",0,0.426522767762269,0.573477232237731,1,0.05,0.412544352597929,0.537455647402071,1
542,530229.085601807,"Media","esc_media",0,1,0,1,0.05,0.9,0.05,1
543,740680.476226807,"Media","esc_media",0,0.811985843713724,0.188014156286276,1,0.05,0.740187967156665,0.209812032843335,1
544,562984.387329102,"Media","esc_media",0,1,0,1,0.05,0.9,0.05,1
545,185220.45993042,"Baja","esc_baja",1,0,0,1,0.9,0.05,0.05,1
546,1097785.51135254,"Alta","esc_alta",0,0,1,1,0.05,0.05,0.9,1
547,327871.549316406,"Baja","esc_baja",0.696500542962999,0.303499457037001,0,1,0.642025461518549,0.307974538481451,0.05,1
548,293494.45413208,"Baja","esc_baja",0.884691855127086,0.115308144872914,0,1,0.801988076858023,0.148011923141977,0.05,1
549,254259.000152588,"Baja","esc_baja",1,0,0,1,0.9,0.05,0.05,1
550,949962.559814453,"Alta","esc_alta",0,0.207389933282335,0.792610066717665,1,0.05,0.226281443289985,0.723718556710015,1
551,1744461.67312622,"Alta","esc_alta",0,0,1,1,0.05,0.05,0.9,1
552,314765.218536377,"Baja","esc_baja",0.768248826927224,0.231751173072776,0,1,0.703011502888141,0.246988497111859,0.05,1
553,390590.447692871,"Media","esc_media",0.35315705452496,0.64684294547504,0,1,0.350183496346216,0.599816503653784,0.05,1
554,270115.253875732,"Baja","esc_baja",1,0,0,1,0.9,0.05,0.05,1
555,450770.962524414,"Media","esc_media",0.0237094967213515,0.976290503278649,0,1,0.0701530722131488,0.879846927786851,0.05,1
556,504221.151397705,"Media","esc_media",0,1,0,1,0.05,0.9,0.05,1
557,549764.864654541,"Media","esc_media",0,1,0,1,0.05,0.9,0.05,1
558,1036733.80758667,"Alta","esc_alta",0,0,1,1,0.05,0.05,0.9,1
559,104152.534362793,"Baja","esc_baja",1,0,0,1,0.9,0.05,0.05,1
560,699414.146591187,"Media","esc_media",0,0.931200320693837,0.0687996793061632,1,0.05,0.841520272589761,0.108479727410239,1
561,649321.274230957,"Media","esc_media",0,1,0,1,0.05,0.9,0.05,1
562,212563.483703613,"Baja","esc_baja",1,0,0,1,0.9,0.05,0.05,1
563,542165.635620117,"Media","esc_media",0,1,0,1,0.05,0.9,0.05,1
564,462314.297470093,"Media","esc_media",0,1,0,1,0.05,0.9,0.05,1
565,430526.837417603,"Media","esc_media",0.13453237012113,0.86546762987887,0,1,0.164352514602961,0.785647485397039,0.05,1
566,458199.498535156,"Media","esc_media",0,1,0,1,0.05,0.9,0.05,1
567,129918,"Baja","esc_baja",1,0,0,1,0.9,0.05,0.05,1
568,337405.099945068,"Baja","esc_baja",0.64431081044573,0.35568918955427,0,1,0.597664188878871,0.352335811121129,0.05,1
569,91121.6387329102,"Baja","esc_baja",1,0,0,1,0.9,0.05,0.05,1
570,80342.994934082,"Baja","esc_baja",1,0,0,1,0.9,0.05,0.05,1
571,11799.2567214966,"Baja","esc_baja",1,0,0,1,0.9,0.05,0.05,1
572,280022.286903381,"Baja","esc_baja",0.958442845862885,0.0415571541371154,0,1,0.864676418983452,0.0853235810165481,0.05,1
573,275435.801361084,"Baja","esc_baja",0.983550747731802,0.0164492522681979,0,1,0.886018135572032,0.0639818644279682,0.05,1
574,169479.284095764,"Baja","esc_baja",1,0,0,1,0.9,0.05,0.05,1
575,174745.891891479,"Baja","esc_baja",1,0,0,1,0.9,0.05,0.05,1
576,143117.922241211,"Baja","esc_baja",1,0,0,1,0.9,0.05,0.05,1
577,4622.10895711486,"Baja","esc_baja",1,0,0,1,0.9,0.05,0.05,1
578,19340.7824522369,"Baja","esc_baja",1,0,0,1,0.9,0.05,0.05,1
579,844.208084374666,"Baja","esc_baja",1,0,0,1,0.9,0.05,0.05,1
580,14430.6388649941,"Baja","esc_baja",1,0,0,1,0.9,0.05,0.05,1
581,56517.1706825579,"Baja","esc_baja",1,0,0,1,0.9,0.05,0.05,1
582,168162.591041565,"Baja","esc_baja",1,0,0,1,0.9,0.05,0.05,1
583,87601.3502795696,"Baja","esc_baja",1,0,0,1,0.9,0.05,0.05,1
584,279790.747193575,"Baja","esc_baja",0.959710368949778,0.0402896310502216,0,1,0.865753813607312,0.0842461863926883,0.05,1
585,17550.3158304691,"Baja","esc_baja",1,0,0,1,0.9,0.05,0.05,1
586,86964.7537612915,"Baja","esc_baja",1,0,0,1,0.9,0.05,0.05,1
587,3498.38724647462,"Baja","esc_baja",1,0,0,1,0.9,0.05,0.05,1
588,73912.196805954,"Baja","esc_baja",1,0,0,1,0.9,0.05,0.05,1
589,11834.5106103616,"Baja","esc_baja",1,0,0,1,0.9,0.05,0.05,1
590,186199.535621643,"Baja","esc_baja",1,0,0,1,0.9,0.05,0.05,1
591,76554.0917127709,"Baja","esc_baja",1,0,0,1,0.9,0.05,0.05,1
592,24849.8529955745,"Baja","esc_baja",1,0,0,1,0.9,0.05,0.05,1
593,94069.7252416611,"Baja","esc_baja",1,0,0,1,0.9,0.05,0.05,1
594,169154.318439584,"Baja","esc_baja",1,0,0,1,0.9,0.05,0.05,1
595,5036.04226352647,"Baja","esc_baja",1,0,0,1,0.9,0.05,0.05,1
596,634.020778656006,"Baja","esc_baja",1,0,0,1,0.9,0.05,0.05,1
597,0,"Baja","esc_baja",1,0,0,1,0.9,0.05,0.05,1
598,877.78332708776,"Baja","esc_baja",1,0,0,1,0.9,0.05,0.05,1
599,40964.1398286819,"Baja","esc_baja",1,0,0,1,0.9,0.05,0.05,1
600,124351.43453598,"Baja","esc_baja",1,0,0,1,0.9,0.05,0.05,1
601,247990.290939331,"Baja","esc_baja",1,0,0,1,0.9,0.05,0.05,1
602,18.4406901886687,"Baja","esc_baja",1,0,0,1,0.9,0.05,0.05,1
603,21770.8847551346,"Baja","esc_baja",1,0,0,1,0.9,0.05,0.05,1
604,7271.54422996082,"Baja","esc_baja",1,0,0,1,0.9,0.05,0.05,1
605,0,"Baja","esc_baja",1,0,0,1,0.9,0.05,0.05,1
606,0,"Baja","esc_baja",1,0,0,1,0.9,0.05,0.05,1
607,0,"Baja","esc_baja",1,0,0,1,0.9,0.05,0.05,1
608,204.484535433352,"Baja","esc_baja",1,0,0,1,0.9,0.05,0.05,1
609,4309.89846965298,"Baja","esc_baja",1,0,0,1,0.9,0.05,0.05,1
610,0,"Baja","esc_baja",1,0,0,1,0.9,0.05,0.05,1
611,0,"Baja","esc_baja",1,0,0,1,0.9,0.05,0.05,1
612,0,"Baja","esc_baja",1,0,0,1,0.9,0.05,0.05,1
613,0,"Baja","esc_baja",1,0,0,1,0.9,0.05,0.05,1
614,350414.392242432,"Baja","esc_baja",0.573093746448905,0.426906253551095,0,1,0.53712968448157,0.41287031551843,0.05,1
615,313880.712738037,"Baja","esc_baja",0.773090897088005,0.226909102911995,0,1,0.707127262524805,0.242872737475196,0.05,1
616,744201.267425537,"Media","esc_media",0,0.801814614893061,0.198185385106939,1,0.05,0.731542422659102,0.218457577340898,1
617,438463.292358398,"Media","esc_media",0.0910856547651353,0.908914345234865,0,1,0.127422806550365,0.822577193449635,0.05,1
618,261318.220672607,"Baja","esc_baja",1,0,0,1,0.9,0.05,0.05,1
619,515598.613464355,"Media","esc_media",0,1,0,1,0.05,0.9,0.05,1
620,615237.377807617,"Media","esc_media",0,1,0,1,0.05,0.9,0.05,1
621,370686.060211182,"Baja","esc_baja",0.462120094535082,0.537879905464918,0,1,0.44280208035482,0.50719791964518,0.05,1
622,543873.127716064,"Media","esc_media",0,1,0,1,0.05,0.9,0.05,1
623,382162.607543945,"Media","esc_media",0.399293771075075,0.600706228924925,0,1,0.389399705413814,0.560600294586186,0.05,1
624,458072.32321167,"Media","esc_media",0,1,0,1,0.05,0.9,0.05,1
625,794683.658752441,"Media","esc_media",0,0.655975817697309,0.344024182302691,1,0.05,0.607579445042713,0.342420554957287,1
626,719434.601226807,"Media","esc_media",0,0.873363143281544,0.126636856718456,1,0.05,0.792358671789312,0.157641328210688,1
627,379687.396362305,"Media","esc_media",0.412843875807846,0.587156124192154,0,1,0.400917294436669,0.549082705563331,0.05,1
628,413983.566589355,"Media","esc_media",0.225095572973515,0.774904427026485,0,1,0.241331237027488,0.708668762972512,0.05,1
629,219628.354675293,"Baja","esc_baja",1,0,0,1,0.9,0.05,0.05,1
630,341302.012695313,"Baja","esc_baja",0.622977852558353,0.377022147441647,0,1,0.5795311746746,0.3704688253254,0.05,1
631,1045570.31814575,"Alta","esc_alta",0,0,1,1,0.05,0.05,0.9,1
632,222138.519866943,"Baja","esc_baja",1,0,0,1,0.9,0.05,0.05,1
633,464903.618469238,"Media","esc_media",0,1,0,1,0.05,0.9,0.05,1
634,728405.201965332,"Media","esc_media",0,0.847447936266923,0.152552063733077,1,0.05,0.770330745826885,0.179669254173115,1
635,649512.652587891,"Media","esc_media",0,1,0,1,0.05,0.9,0.05,1
636,565740.033996582,"Media","esc_media",0,1,0,1,0.05,0.9,0.05,1
637,420672.801177979,"Media","esc_media",0.188476544290123,0.811523455709877,0,1,0.210205062646604,0.739794937353396,0.05,1
638,605239.882904053,"Media","esc_media",0,1,0,1,0.05,0.9,0.05,1
639,472449.816772461,"Media","esc_media",0,1,0,1,0.05,0.9,0.05,1
640,377113.179199219,"Media","esc_media",0.426935971231236,0.573064028768764,0,1,0.41289557554655,0.53710442445345,0.05,1
641,27020.5680236816,"Baja","esc_baja",1,0,0,1,0.9,0.05,0.05,1
642,406014.28237915,"Media","esc_media",0.268722006343919,0.731277993656081,0,1,0.278413705392331,0.671586294607669,0.05,1
643,496282.15814209,"Media","esc_media",0,1,0,1,0.05,0.9,0.05,1
644,2026712.33319092,"Alta","esc_alta",0,0,1,1,0.05,0.05,0.9,1
645,745283.275512695,"Media","esc_media",0,0.798688797081355,0.201311202918645,1,0.05,0.728885477519151,0.221114522480849,1
646,775574.011993408,"Media","esc_media",0,0.711181758321755,0.288818241678245,1,0.05,0.654504494573491,0.295495505426509,1
647,219002.305999756,"Baja","esc_baja",1,0,0,1,0.9,0.05,0.05,1
648,631631.313415527,"Media","esc_media",0,1,0,1,0.05,0.9,0.05,1
649,155189.888397217,"Baja","esc_baja",1,0,0,1,0.9,0.05,0.05,1
650,712876.338256836,"Media","esc_media",0,0.892309337352273,0.107690662647727,1,0.05,0.808462936749432,0.141537063250568,1
651,287370.090393066,"Baja","esc_baja",0.918218598501864,0.081781401498136,0,1,0.830485808726585,0.119514191273416,0.05,1
652,97911.9588623047,"Baja","esc_baja",1,0,0,1,0.9,0.05,0.05,1
653,177657.656677246,"Baja","esc_baja",1,0,0,1,0.9,0.05,0.05,1
654,211419.937438965,"Baja","esc_baja",1,0,0,1,0.9,0.05,0.05,1
655,269138.249725342,"Baja","esc_baja",1,0,0,1,0.9,0.05,0.05,1
656,173496.824462891,"Baja","esc_baja",1,0,0,1,0.9,0.05,0.05,1
657,240984.711669922,"Baja","esc_baja",1,0,0,1,0.9,0.05,0.05,1
658,254644.002166748,"Baja","esc_baja",1,0,0,1,0.9,0.05,0.05,1
659,769354.464569092,"Media","esc_media",0,0.729149435597391,0.270850564402609,1,0.05,0.669777020257782,0.280222979742218,1
660,263347.373413086,"Baja","esc_baja",1,0,0,1,0.9,0.05,0.05,1
661,331801.470031738,"Baja","esc_baja",0.674986888823415,0.325013111176585,0,1,0.623738855499903,0.326261144500097,0.05,1
662,102833.075317383,"Baja","esc_baja",1,0,0,1,0.9,0.05,0.05,1
663,786737.960754395,"Media","esc_media",0,0.67893017878159,0.32106982121841,1,0.05,0.627090651964352,0.322909348035648,1
664,564976.003540039,"Media","esc_media",0,1,0,1,0.05,0.9,0.05,1
665,596131.92616272,"Media","esc_media",0,1,0,1,0.05,0.9,0.05,1
666,293369.703155518,"Baja","esc_baja",0.885374782228608,0.114625217771392,0,1,0.802568564894317,0.147431435105683,0.05,1
667,396955.413543701,"Media","esc_media",0.318313177550345,0.681686822449655,0,1,0.320566200917793,0.629433799082207,0.05,1
668,595914.180419922,"Media","esc_media",0,1,0,1,0.05,0.9,0.05,1
669,1072610.27435303,"Alta","esc_alta",0,0,1,1,0.05,0.05,0.9,1
670,101806.580429077,"Baja","esc_baja",1,0,0,1,0.9,0.05,0.05,1
671,410131.12562561,"Media","esc_media",0.246185077951016,0.753814922048984,0,1,0.259257316258363,0.690742683741637,0.05,1
672,175073.190368652,"Baja","esc_baja",1,0,0,1,0.9,0.05,0.05,1
673,473649.753540039,"Media","esc_media",0,1,0,1,0.05,0.9,0.05,1
674,125364.61126709,"Baja","esc_baja",1,0,0,1,0.9,0.05,0.05,1
675,146308.434875488,"Baja","esc_baja",1,0,0,1,0.9,0.05,0.05,1
676,296913.655517578,"Baja","esc_baja",0.86597404340274,0.13402595659726,0,1,0.786077936892329,0.163922063107671,0.05,1
677,66708.339050293,"Baja","esc_baja",1,0,0,1,0.9,0.05,0.05,1
678,158540.729370117,"Baja","esc_baja",1,0,0,1,0.9,0.05,0.05,1
679,123860.177612305,"Baja","esc_baja",1,0,0,1,0.9,0.05,0.05,1
680,396470.432922363,"Media","esc_media",0.320968117969667,0.679031882030333,0,1,0.322822900274217,0.627177099725783,0.05,1
681,169657.652038574,"Baja","esc_baja",1,0,0,1,0.9,0.05,0.05,1
682,129321.125427246,"Baja","esc_baja",1,0,0,1,0.9,0.05,0.05,1
683,130820.791351318,"Baja","esc_baja",1,0,0,1,0.9,0.05,0.05,1
684,12785.056427002,"Baja","esc_baja",1,0,0,1,0.9,0.05,0.05,1
685,135174.749267578,"Baja","esc_baja",1,0,0,1,0.9,0.05,0.05,1
686,54535.2188110352,"Baja","esc_baja",1,0,0,1,0.9,0.05,0.05,1
687,393784.150177002,"Media","esc_media",0.335673696552808,0.664326303447192,0,1,0.335322642069887,0.614677357930113,0.05,1
688,60344.681350708,"Baja","esc_baja",1,0,0,1,0.9,0.05,0.05,1
689,908557.817550659,"Media","esc_media",0,0.327004271098653,0.672995728901347,1,0.05,0.327953630433855,0.622046369566145,1
690,430213.880493164,"Media","esc_media",0.136245597313399,0.863754402686601,0,1,0.16580875771639,0.78419124228361,0.05,1
691,132233.664550781,"Baja","esc_baja",1,0,0,1,0.9,0.05,0.05,1
692,399987.548736572,"Media","esc_media",0.301714291066606,0.698285708933394,0,1,0.306457147406615,0.643542852593385,0.05,1
693,359001.964866638,"Baja","esc_baja",0.526082602785127,0.473917397214873,0,1,0.497170212367358,0.452829787632642,0.05,1
694,490227.984970093,"Media","esc_media",0,1,0,1,0.05,0.9,0.05,1
695,13247.1401834488,"Baja","esc_baja",1,0,0,1,0.9,0.05,0.05,1
696,13834.4587917328,"Baja","esc_baja",1,0,0,1,0.9,0.05,0.05,1
697,37348.7430676222,"Baja","esc_baja",1,0,0,1,0.9,0.05,0.05,1
698,38513.1908691637,"Baja","esc_baja",1,0,0,1,0.9,0.05,0.05,1
699,1053.97324299812,"Baja","esc_baja",1,0,0,1,0.9,0.05,0.05,1
700,14773.457075119,"Baja","esc_baja",1,0,0,1,0.9,0.05,0.05,1
701,25941.0833465261,"Baja","esc_baja",1,0,0,1,0.9,0.05,0.05,1
702,599.89662194252,"Baja","esc_baja",1,0,0,1,0.9,0.05,0.05,1
703,61349.0469894409,"Baja","esc_baja",1,0,0,1,0.9,0.05,0.05,1
704,0,"Baja","esc_baja",1,0,0,1,0.9,0.05,0.05,1
705,0,"Baja","esc_baja",1,0,0,1,0.9,0.05,0.05,1
706,0,"Baja","esc_baja",1,0,0,1,0.9,0.05,0.05,1
707,17953.7735137045,"Baja","esc_baja",1,0,0,1,0.9,0.05,0.05,1
708,0.584499001502991,"Baja","esc_baja",1,0,0,1,0.9,0.05,0.05,1
709,27008.7233734131,"Baja","esc_baja",1,0,0,1,0.9,0.05,0.05,1
710,0,"Baja","esc_baja",1,0,0,1,0.9,0.05,0.05,1
711,431.976251274347,"Baja","esc_baja",1,0,0,1,0.9,0.05,0.05,1
712,24087.9333885908,"Baja","esc_baja",1,0,0,1,0.9,0.05,0.05,1
713,5254.85116833777,"Baja","esc_baja",1,0,0,1,0.9,0.05,0.05,1
714,205142.479431152,"Baja","esc_baja",1,0,0,1,0.9,0.05,0.05,1
715,196018.837142944,"Baja","esc_baja",1,0,0,1,0.9,0.05,0.05,1
716,40537.5240783691,"Baja","esc_baja",1,0,0,1,0.9,0.05,0.05,1
717,243651.473144531,"Baja","esc_baja",1,0,0,1,0.9,0.05,0.05,1
718,232944.174407959,"Baja","esc_baja",1,0,0,1,0.9,0.05,0.05,1
719,26847.5213012695,"Baja","esc_baja",1,0,0,1,0.9,0.05,0.05,1
720,174151.792327881,"Baja","esc_baja",1,0,0,1,0.9,0.05,0.05,1
721,210735.950073242,"Baja","esc_baja",1,0,0,1,0.9,0.05,0.05,1
722,253851.583526611,"Baja","esc_baja",1,0,0,1,0.9,0.05,0.05,1
723,159847.81338501,"Baja","esc_baja",1,0,0,1,0.9,0.05,0.05,1
724,221775.598892212,"Baja","esc_baja",1,0,0,1,0.9,0.05,0.05,1
725,167190.342956543,"Baja","esc_baja",1,0,0,1,0.9,0.05,0.05,1
726,302184.258178711,"Baja","esc_baja",0.837121063667955,0.162878936332045,0,1,0.761552904117762,0.188447095882238,0.05,1
727,188184.824249268,"Baja","esc_baja",1,0,0,1,0.9,0.05,0.05,1
728,191560.349182129,"Baja","esc_baja",1,0,0,1,0.9,0.05,0.05,1
729,418391.607513428,"Media","esc_media",0.200964534526947,0.799035465473053,0,1,0.220819854347905,0.729180145652095,0.05,1
730,939217.480895996,"Alta","esc_alta",0,0.238431437934792,0.761568562065208,1,0.05,0.252666722244573,0.697333277755427,1
731,338400.261291504,"Baja","esc_baja",0.638862976107297,0.361137023892703,0,1,0.593033529691202,0.356966470308798,0.05,1
732,285736.54876709,"Baja","esc_baja",0.927161132489065,0.0728388675109351,0,1,0.838086962615705,0.111913037384295,0.05,1
733,148401.136199951,"Baja","esc_baja",1,0,0,1,0.9,0.05,0.05,1
734,58002.2632751465,"Baja","esc_baja",1,0,0,1,0.9,0.05,0.05,1
735,241441.258575439,"Baja","esc_baja",1,0,0,1,0.9,0.05,0.05,1
736,536649.282623291,"Media","esc_media",0,1,0,1,0.05,0.9,0.05,1
737,265907.735412598,"Baja","esc_baja",1,0,0,1,0.9,0.05,0.05,1
738,345715.895446777,"Baja","esc_baja",0.598814834063551,0.401185165936449,0,1,0.558992608954019,0.391007391045981,0.05,1
739,186927.190551758,"Baja","esc_baja",1,0,0,1,0.9,0.05,0.05,1
740,1114257.32235718,"Alta","esc_alta",0,0,1,1,0.05,0.05,0.9,1
741,456915.805053711,"Media","esc_media",0,1,0,1,0.05,0.9,0.05,1
742,341032.3203125,"Baja","esc_baja",0.624454235688752,0.375545764311248,0,1,0.580786100335439,0.369213899664561,0.05,1
743,466100.702911377,"Media","esc_media",0,1,0,1,0.05,0.9,0.05,1
744,162655.637481689,"Baja","esc_baja",1,0,0,1,0.9,0.05,0.05,1
745,212933.834320068,"Baja","esc_baja",1,0,0,1,0.9,0.05,0.05,1
746,682781.550292969,"Media","esc_media",0,0.979250299599687,0.0207497004003125,1,0.05,0.882362754659734,0.0676372453402656,1
747,181358.460327148,"Baja","esc_baja",1,0,0,1,0.9,0.05,0.05,1
748,366004.689819336,"Baja","esc_baja",0.487747426688768,0.512252573311232,0,1,0.464585312685453,0.485414687314547,0.05,1
749,360451.257171631,"Baja","esc_baja",0.518148709036295,0.481851290963705,0,1,0.490426402680851,0.459573597319149,0.05,1
750,290824.036010742,"Baja","esc_baja",0.899310585638979,0.100689414361021,0,1,0.814413997793132,0.135586002206868,0.05,1
751,538259.081329346,"Media","esc_media",0,1,0,1,0.05,0.9,0.05,1
752,366656.780212402,"Baja","esc_baja",0.484177673454451,0.515822326545549,0,1,0.461551022436283,0.488448977563717,0.05,1
753,328050.011230469,"Baja","esc_baja",0.695523584857646,0.304476415142354,0,1,0.641195047128999,0.308804952871001,0.05,1
754,807848.133575439,"Media","esc_media",0,0.617944909821584,0.382055090178416,1,0.05,0.575253173348347,0.374746826651653,1
755,1039744.13253784,"Alta","esc_alta",0,0,1,1,0.05,0.05,0.9,1
756,306626.149047852,"Baja","esc_baja",0.812804719699065,0.187195280300935,0,1,0.740884011744206,0.209115988255794,0.05,1
757,161154.640441895,"Baja","esc_baja",1,0,0,1,0.9,0.05,0.05,1
758,517519.139526367,"Media","esc_media",0,1,0,1,0.05,0.9,0.05,1
759,276174.379394531,"Baja","esc_baja",0.979507533245392,0.0204924667546081,0,1,0.882581403258583,0.0674185967414169,0.05,1
760,223815.033081055,"Baja","esc_baja",1,0,0,1,0.9,0.05,0.05,1
761,355821.941192627,"Baja","esc_baja",0.543491078536675,0.456508921463325,0,1,0.511967416756174,0.438032583243826,0.05,1
762,802797.898040771,"Media","esc_media",0,0.63253455695541,0.36746544304459,1,0.05,0.587654373412098,0.362345626587902,1
763,88709.5226745605,"Baja","esc_baja",1,0,0,1,0.9,0.05,0.05,1
764,162092.091522217,"Baja","esc_baja",1,0,0,1,0.9,0.05,0.05,1
765,1724020.52172852,"Alta","esc_alta",0,0,1,1,0.05,0.05,0.9,1
766,208533.844848633,"Baja","esc_baja",1,0,0,1,0.9,0.05,0.05,1
767,301908.615112305,"Baja","esc_baja",0.838630022760564,0.161369977239436,0,1,0.76283551934648,0.18716448065352,0.05,1
768,216639.820678711,"Baja","esc_baja",1,0,0,1,0.9,0.05,0.05,1
769,644057.025421143,"Media","esc_media",0,1,0,1,0.05,0.9,0.05,1
770,313406.434936523,"Baja","esc_baja",0.775687246817924,0.224312753182076,0,1,0.709334159795236,0.240665840204764,0.05,1
771,385438.000671387,"Media","esc_media",0.381363212160732,0.618636787839268,0,1,0.374158730336622,0.575841269663378,0.05,1
772,245815.860015869,"Baja","esc_baja",1,0,0,1,0.9,0.05,0.05,1
773,374066.458099365,"Media","esc_media",0.443614705676517,0.556385294323483,0,1,0.427072499825039,0.522927500174961,0.05,1
774,574109.03314209,"Media","esc_media",0,1,0,1,0.05,0.9,0.05,1
775,2201000.30584717,"Alta","esc_alta",0,0,1,1,0.05,0.05,0.9,1
776,308085.175323486,"Baja","esc_baja",0.804817539053895,0.195182460946105,0,1,0.734094908195811,0.215905091804189,0.05,1
777,184389.124572754,"Baja","esc_baja",1,0,0,1,0.9,0.05,0.05,1
778,92718.0311279297,"Baja","esc_baja",1,0,0,1,0.9,0.05,0.05,1
779,1182511.47375488,"Alta","esc_alta",0,0,1,1,0.05,0.05,0.9,1
780,440775.490386963,"Media","esc_media",0.0784279366349174,0.921572063365083,0,1,0.11666374613968,0.83333625386032,0.05,1
781,312031.886047363,"Baja","esc_baja",0.783211970989577,0.216788029010423,0,1,0.71573017534114,0.23426982465886,0.05,1
782,365321.352783203,"Baja","esc_baja",0.491488234130196,0.508511765869804,0,1,0.467764999010666,0.482235000989334,0.05,1
783,331172.506774902,"Baja","esc_baja",0.678430036651127,0.321569963348873,0,1,0.626665531153458,0.323334468846542,0.05,1
784,1249367.14529419,"Alta","esc_alta",0,0,1,1,0.05,0.05,0.9,1
785,179750.893859863,"Baja","esc_baja",1,0,0,1,0.9,0.05,0.05,1
786,297278.719360352,"Baja","esc_baja",0.863975566125154,0.136024433874846,0,1,0.784379231206381,0.165620768793619,0.05,1
787,186794.986297607,"Baja","esc_baja",1,0,0,1,0.9,0.05,0.05,1
788,101312.094696045,"Baja","esc_baja",1,0,0,1,0.9,0.05,0.05,1
789,373366.498962402,"Media","esc_media",0.447446507861664,0.552553492138336,0,1,0.430329531682414,0.519670468317586,0.05,1
790,392143.252685547,"Media","esc_media",0.344656498921301,0.655343501078699,0,1,0.342958024083106,0.607041975916894,0.05,1
791,638663.383026123,"Media","esc_media",0,1,0,1,0.05,0.9,0.05,1
792,811156.897216797,"Media","esc_media",0,0.608386208322364,0.391613791677636,1,0.05,0.56712827707401,0.38287172292599,1
793,560893.713653564,"Media","esc_media",0,1,0,1,0.05,0.9,0.05,1
794,173680.947906494,"Baja","esc_baja",1,0,0,1,0.9,0.05,0.05,1
795,694449.841217041,"Media","esc_media",0,0.945541723817742,0.0544582761822581,1,0.05,0.853710465245081,0.0962895347549194,1
796,466708.569244385,"Media","esc_media",0,1,0,1,0.05,0.9,0.05,1
797,42916.0398864746,"Baja","esc_baja",1,0,0,1,0.9,0.05,0.05,1
798,135911.045471191,"Baja","esc_baja",1,0,0,1,0.9,0.05,0.05,1
799,711421.64465332,"Media","esc_media",0,0.896511807953385,0.103488192046615,1,0.05,0.812035036760377,0.137964963239623,1
800,48932.636932373,"Baja","esc_baja",1,0,0,1,0.9,0.05,0.05,1
801,326922.786712647,"Baja","esc_baja",0.701694375611635,0.298305624388365,0,1,0.64644021926989,0.30355978073011,0.05,1
802,389614.711120605,"Media","esc_media",0.358498551381418,0.641501448618582,0,1,0.354723768674205,0.595276231325795,0.05,1
803,177464.147979736,"Baja","esc_baja",1,0,0,1,0.9,0.05,0.05,1
804,234199.828582764,"Baja","esc_baja",1,0,0,1,0.9,0.05,0.05,1
805,187504.4480896,"Baja","esc_baja",1,0,0,1,0.9,0.05,0.05,1
806,194793.972595215,"Baja","esc_baja",1,0,0,1,0.9,0.05,0.05,1
807,153251.594238281,"Baja","esc_baja",1,0,0,1,0.9,0.05,0.05,1
808,360943.814910889,"Baja","esc_baja",0.515452289028423,0.484547710971577,0,1,0.488134445674159,0.461865554325841,0.05,1
809,217452.551208496,"Baja","esc_baja",1,0,0,1,0.9,0.05,0.05,1
810,1086319.35189819,"Alta","esc_alta",0,0,1,1,0.05,0.05,0.9,1
811,198590.58895874,"Baja","esc_baja",1,0,0,1,0.9,0.05,0.05,1
812,468443.814331055,"Media","esc_media",0,1,0,1,0.05,0.9,0.05,1
813,718690.349029541,"Media","esc_media",0,0.875513216651815,0.124486783348185,1,0.05,0.794186234154043,0.155813765845957,1
814,1208126.04443359,"Alta","esc_alta",0,0,1,1,0.05,0.05,0.9,1
815,468972.682128906,"Media","esc_media",0,1,0,1,0.05,0.9,0.05,1
816,439552.675842285,"Media","esc_media",0.0851220180418075,0.914877981958192,0,1,0.122353715335536,0.827646284664464,0.05,1
817,478237.645629883,"Media","esc_media",0,1,0,1,0.05,0.9,0.05,1
818,428163.310150146,"Media","esc_media",0.147471081068445,0.852528918931555,0,1,0.175350418908179,0.774649581091821,0.05,1
819,0,"Baja","esc_baja",1,0,0,1,0.9,0.05,0.05,1
820,0,"Baja","esc_baja",1,0,0,1,0.9,0.05,0.05,1
821,0,"Baja","esc_baja",1,0,0,1,0.9,0.05,0.05,1
822,472165.688537598,"Media","esc_media",0,1,0,1,0.05,0.9,0.05,1
823,104010.841674805,"Baja","esc_baja",1,0,0,1,0.9,0.05,0.05,1
824,1017964.01611328,"Alta","esc_alta",0,0.0109402340206615,0.989059765979338,1,0.05,0.0592991989175623,0.890700801082438,1
825,371892.504608154,"Baja","esc_baja",0.455515628599208,0.544484371400792,0,1,0.437188284309327,0.512811715690673,0.05,1
826,307825.648040771,"Baja","esc_baja",0.806238275146186,0.193761724853814,0,1,0.735302533874258,0.214697466125742,0.05,1
827,507111.23236084,"Media","esc_media",0,1,0,1,0.05,0.9,0.05,1
828,97217.1430053711,"Baja","esc_baja",1,0,0,1,0.9,0.05,0.05,1
829,1310160.09960938,"Alta","esc_alta",0,0,1,1,0.05,0.05,0.9,1
830,153929.490478516,"Baja","esc_baja",1,0,0,1,0.9,0.05,0.05,1
831,159500.889389038,"Baja","esc_baja",1,0,0,1,0.9,0.05,0.05,1
832,0,"Baja","esc_baja",1,0,0,1,0.9,0.05,0.05,1
833,0,"Baja","esc_baja",1,0,0,1,0.9,0.05,0.05,1
834,141846.088897705,"Baja","esc_baja",1,0,0,1,0.9,0.05,0.05,1
835,0,"Baja","esc_baja",1,0,0,1,0.9,0.05,0.05,1
836,58773.3435173035,"Baja","esc_baja",1,0,0,1,0.9,0.05,0.05,1
837,50662.5602531433,"Baja","esc_baja",1,0,0,1,0.9,0.05,0.05,1
838,1603.5777875231,"Baja","esc_baja",1,0,0,1,0.9,0.05,0.05,1
839,40398.8131780028,"Baja","esc_baja",1,0,0,1,0.9,0.05,0.05,1
840,38019.4006640911,"Baja","esc_baja",1,0,0,1,0.9,0.05,0.05,1
841,886119.743713379,"Media","esc_media",0,0.391825719009629,0.608174280990371,1,0.05,0.383051861158184,0.566948138841816,1
842,723718.9012146,"Media","esc_media",0,0.860986210639835,0.139013789360165,1,0.05,0.781838279043859,0.168161720956141,1
843,27697.0098876953,"Baja","esc_baja",1,0,0,1,0.9,0.05,0.05,1
844,713353.217376709,"Media","esc_media",0,0.890931679214019,0.109068320785981,1,0.05,0.807291927331916,0.142708072668084,1
845,17117.3795471191,"Baja","esc_baja",1,0,0,1,0.9,0.05,0.05,1
846,247012.196281433,"Baja","esc_baja",1,0,0,1,0.9,0.05,0.05,1
847,447133.642272949,"Media","esc_media",0.0436213615026524,0.956378638497348,0,1,0.0870781572772545,0.862921842722746,0.05,1
848,78373.3203277588,"Baja","esc_baja",1,0,0,1,0.9,0.05,0.05,1
849,214330.526977539,"Baja","esc_baja",1,0,0,1,0.9,0.05,0.05,1
850,1265737.20899963,"Alta","esc_alta",0,0,1,1,0.05,0.05,0.9,1
851,241224.633270264,"Baja","esc_baja",1,0,0,1,0.9,0.05,0.05,1
852,59792.2327880859,"Baja","esc_baja",1,0,0,1,0.9,0.05,0.05,1
853,14901.1076574326,"Baja","esc_baja",1,0,0,1,0.9,0.05,0.05,1
854,192462.719482422,"Baja","esc_baja",1,0,0,1,0.9,0.05,0.05,1
855,25463.3902635574,"Baja","esc_baja",1,0,0,1,0.9,0.05,0.05,1
856,1258.06854605675,"Baja","esc_baja",1,0,0,1,0.9,0.05,0.05,1
857,4172.56612285972,"Baja","esc_baja",1,0,0,1,0.9,0.05,0.05,1
858,238909.143878937,"Baja","esc_baja",1,0,0,1,0.9,0.05,0.05,1
859,50026.0199775696,"Baja","esc_baja",1,0,0,1,0.9,0.05,0.05,1
860,78821.773021698,"Baja","esc_baja",1,0,0,1,0.9,0.05,0.05,1
861,456255.785009384,"Media","esc_media",0,1,0,1,0.05,0.9,0.05,1
862,125705.62338829,"Baja","esc_baja",1,0,0,1,0.9,0.05,0.05,1
863,170782.310440063,"Baja","esc_baja",1,0,0,1,0.9,0.05,0.05,1
864,269279.78086853,"Baja","esc_baja",1,0,0,1,0.9,0.05,0.05,1
865,89768.955291748,"Baja","esc_baja",1,0,0,1,0.9,0.05,0.05,1
866,167968.463470459,"Baja","esc_baja",1,0,0,1,0.9,0.05,0.05,1
867,157544.77204895,"Baja","esc_baja",1,0,0,1,0.9,0.05,0.05,1
868,258359.196136475,"Baja","esc_baja",1,0,0,1,0.9,0.05,0.05,1
869,59613.3706512451,"Baja","esc_baja",1,0,0,1,0.9,0.05,0.05,1
870,603579.144638062,"Media","esc_media",0,1,0,1,0.05,0.9,0.05,1
871,310601.161621094,"Baja","esc_baja",0.791044218178616,0.208955781821384,0,1,0.722387585451824,0.227612414548176,0.05,1
872,107416.535934448,"Baja","esc_baja",1,0,0,1,0.9,0.05,0.05,1
873,136031.822769165,"Baja","esc_baja",1,0,0,1,0.9,0.05,0.05,1
874,141430.29524231,"Baja","esc_baja",1,0,0,1,0.9,0.05,0.05,1
875,206984.822967529,"Baja","esc_baja",1,0,0,1,0.9,0.05,0.05,1
876,535013.952316284,"Media","esc_media",0,1,0,1,0.05,0.9,0.05,1
877,964307.628356934,"Alta","esc_alta",0,0.165948403138119,0.834051596861881,1,0.05,0.191056142667401,0.758943857332599,1
878,1020854.58486938,"Alta","esc_alta",0,0.00258965752218681,0.997410342477813,1,0.05,0.0522012088938588,0.897798791106141,1
879,250480.421905518,"Baja","esc_baja",1,0,0,1,0.9,0.05,0.05,1
880,219128.380950928,"Baja","esc_baja",1,0,0,1,0.9,0.05,0.05,1
881,211237.743667603,"Baja","esc_baja",1,0,0,1,0.9,0.05,0.05,1
882,297435.950668335,"Baja","esc_baja",0.863114831208375,0.136885168791625,0,1,0.783647606527118,0.166352393472882,0.05,1
883,170881.068649292,"Baja","esc_baja",1,0,0,1,0.9,0.05,0.05,1
884,236034.889251709,"Baja","esc_baja",1,0,0,1,0.9,0.05,0.05,1
885,195986.533966064,"Baja","esc_baja",1,0,0,1,0.9,0.05,0.05,1
886,253358.245483398,"Baja","esc_baja",1,0,0,1,0.9,0.05,0.05,1
887,207291.438812256,"Baja","esc_baja",1,0,0,1,0.9,0.05,0.05,1
888,453153.251068115,"Media","esc_media",0.0106680804938113,0.989331919506189,0,1,0.0590678684197396,0.89093213158026,0.05,1
889,0,"Baja","esc_baja",1,0,0,1,0.9,0.05,0.05,1
890,448105.169891357,"Media","esc_media",0.038302905817798,0.961697094182202,0,1,0.0825574699451283,0.867442530054872,0.05,1
891,495749.685028076,"Media","esc_media",0,1,0,1,0.05,0.9,0.05,1
892,277161.289916992,"Baja","esc_baja",0.974104866579851,0.0258951334201489,0,1,0.877989136592873,0.0720108634071265,0.05,1
893,95291.2403411865,"Baja","esc_baja",1,0,0,1,0.9,0.05,0.05,1
894,219863.669952393,"Baja","esc_baja",1,0,0,1,0.9,0.05,0.05,1
895,255844.712158203,"Baja","esc_baja",1,0,0,1,0.9,0.05,0.05,1
896,750764.44845581,"Media","esc_media",0,0.782854213016796,0.217145786983204,1,0.05,0.715426081064277,0.234573918935723,1
897,279413.876037598,"Baja","esc_baja",0.961773483269933,0.0382265167300667,0,1,0.867507460779443,0.0824925392205567,0.05,1
898,155816.835601807,"Baja","esc_baja",1,0,0,1,0.9,0.05,0.05,1
899,213219.087188721,"Baja","esc_baja",1,0,0,1,0.9,0.05,0.05,1
